{"max_acc":1.0,"best_params":[24,0.14728827239075026,19.02301188668944,1.2563166024741189e-6]}