{"complete_time":0.002914257,"hps":{"eps_E":0.05871766390733255,"tol":1.4526539259467783e-5,"eps_CL":93.9664831495469,"K":31},"opt_time":0.002878291,"accuracy":0.7}