{"complete_time":0.002197713,"hps":{"eps_E":0.06836516004510235,"tol":8.648423275731709e-9,"eps_CL":0.6205728806776503,"K":23},"opt_time":0.002143335,"accuracy":0.9}