{"complete_time":0.004061487,"hps":{"eps_E":0.12826498305280606,"tol":0.000326222200971167,"eps_CL":9.140310748756232,"K":11},"opt_time":0.004043891,"accuracy":1.0}