{"complete_time":0.022706083,"hps":{"eps_E":3.5690493456752304,"tol":3.129648010670757e-7,"eps_CL":1.4228304572143526,"K":71},"opt_time":0.022642518,"accuracy":0.4}