{"complete_time":0.019001958,"hps":{"eps_E":0.6883952069645496,"tol":4.2719939663067854e-7,"eps_CL":34.47764054734464,"K":76},"opt_time":0.018869467,"accuracy":0.45}