{"complete_time":0.003280477,"hps":{"eps_E":0.020384933982524632,"tol":5.831305113526231e-7,"eps_CL":3.5690493456752295,"K":73},"opt_time":0.003214975,"accuracy":0.8}