{"complete_time":0.00393751,"hps":{"eps_E":0.062487880720068945,"tol":0.06742622241778343,"eps_CL":28.018665564591952,"K":48},"opt_time":0.003909865,"accuracy":0.9}