{"complete_time":0.003590757,"hps":{"eps_E":0.4391800892596086,"tol":5.711586478126424e-10,"eps_CL":18.632463119315606,"K":6},"opt_time":0.003543462,"accuracy":0.9}