{"complete_time":0.02923453,"hps":{"eps_E":0.14728827239075026,"tol":1.2563166024741189e-6,"eps_CL":19.02301188668944,"K":24},"opt_time":0.029187195,"accuracy":1.0}