{"complete_time":0.000744856,"hps":{"eps_E":0.020244465099768037,"tol":2.389892566231048e-7,"eps_CL":12.738113231864785,"K":16},"opt_time":0.000727536,"accuracy":0.5}