{"complete_time":0.006976607,"hps":{"eps_E":0.24569164629827908,"tol":1.1092898648952227e-8,"eps_CL":45.778405383766184,"K":13},"opt_time":0.006956448,"accuracy":1.0}