{"complete_time":0.01962656,"hps":{"eps_E":5.555776222398878,"tol":1.0209606623060456e-6,"eps_CL":23.086779941871697,"K":41},"opt_time":0.019565687,"accuracy":0.4}