{"complete_time":0.028206173,"hps":{"eps_E":0.9396648314954698,"tol":2.2927693128656486e-6,"eps_CL":0.24739641008868135,"K":66},"opt_time":0.028174799,"accuracy":0.9}