{"complete_time":0.022306457,"hps":{"eps_E":7.225349491787212,"tol":0.0007959777002314978,"eps_CL":7.531420165974372,"K":35},"opt_time":0.02224292,"accuracy":0.55}