{"complete_time":0.021952828,"hps":{"eps_E":2.9205555121827467,"tol":2.43998629725955e-6,"eps_CL":1.6225952870780875,"K":69},"opt_time":0.021887578,"accuracy":0.45}