{"complete_time":0.020457053,"hps":{"eps_E":0.227697025538168,"tol":6.742622241778335e-7,"eps_CL":5.994842503189409,"K":77},"opt_time":0.02038817,"accuracy":0.85}