{"complete_time":0.00914647,"hps":{"eps_E":0.37982153061907353,"tol":0.0005256791122018419,"eps_CL":0.21102034285685956,"K":31},"opt_time":0.009124769,"accuracy":1.0}