{"complete_time":0.009869591,"hps":{"eps_E":1.1016459496336564,"tol":1.3936192742241406e-5,"eps_CL":0.1,"K":52},"opt_time":0.009843743,"accuracy":0.85}