{"complete_time":3.109989151,"hps":{"eps_E":4.905583706365048,"tol":3.6946012051993024e-6,"eps_CL":0.6162966255132941,"K":21},"opt_time":3.014834121,"accuracy":0.55}