{"complete_time":0.006970147,"hps":{"eps_E":0.04271993966306779,"tol":1.0209606623060454e-5,"eps_CL":1.0715933998226708,"K":60},"opt_time":0.00693324,"accuracy":1.0}