{"complete_time":0.009994501,"hps":{"eps_E":0.6696160054853222,"tol":6.468607661546321e-9,"eps_CL":0.1300511252173409,"K":33},"opt_time":0.009939257,"accuracy":0.7}