{"complete_time":0.00254106,"hps":{"eps_E":0.014426439512181581,"tol":1.9421746814890284e-10,"eps_CL":0.21995930680300743,"K":61},"opt_time":0.002515145,"accuracy":0.75}