{"complete_time":5327.745058798,"hps":{"eps_E":0.021995930680300747,"tol":1.5783314056521132e-9,"eps_CL":1.6681005372000588,"K":80},"opt_time":5327.685245369,"accuracy":0.535}