{"max_acc":0.75,"best_params":[43,5.44171428686589,1.0495932305582274,0.015783314056521173]}