{"complete_time":0.002169213,"hps":{"eps_E":0.3173229634734978,"tol":0.0016796748720926532,"eps_CL":75.31420165974376,"K":21},"opt_time":0.002100201,"accuracy":0.45}