{"complete_time":0.005943709,"hps":{"eps_E":0.015037553212997384,"tol":0.004184288507901585,"eps_CL":12.052609368708426,"K":70},"opt_time":0.005876875,"accuracy":0.25}