{"complete_time":2.693041722,"hps":{"eps_E":0.013840160965731315,"tol":1.1805165285688055e-8,"eps_CL":21.24845352498882,"K":72},"opt_time":2.597454039,"accuracy":0.25}