{"complete_time":0.019364503,"hps":{"eps_E":7.636298261282244,"tol":1.5459277364194755e-5,"eps_CL":0.20104964162604985,"K":37},"opt_time":0.019320024,"accuracy":0.5}