{"complete_time":0.006137465,"hps":{"eps_E":0.011092898648952227,"tol":2.3408272761782944e-7,"eps_CL":0.146273335620113,"K":70},"opt_time":0.006080188,"accuracy":0.3}