{"complete_time":0.02030619,"hps":{"eps_E":0.5791122647641759,"tol":2.3408272761782897e-5,"eps_CL":6.979813907830661,"K":52},"opt_time":0.020231367,"accuracy":0.45}