{"complete_time":0.008175281,"hps":{"eps_E":0.0532999408084409,"tol":0.08126619200091946,"eps_CL":20.10496416260499,"K":80},"opt_time":0.0081196,"accuracy":0.25}