{"complete_time":0.005485777,"hps":{"eps_E":1.32777082935543,"tol":6.335804992658255e-5,"eps_CL":12.476595526308698,"K":31},"opt_time":0.005402837,"accuracy":0.45}