{"complete_time":0.005415934,"hps":{"eps_E":0.031296480106707505,"tol":4.939621743878326e-10,"eps_CL":13.650078065460137,"K":61},"opt_time":0.005369433,"accuracy":0.45}