{"complete_time":0.004553313,"hps":{"eps_E":0.011887076977119033,"tol":0.005148867450137497,"eps_CL":6.604193962330304,"K":43},"opt_time":0.004512929,"accuracy":0.25}