{"complete_time":0.001423409,"hps":{"eps_E":1.1643031329208768,"tol":0.00045462954695323993,"eps_CL":3.9318287557057694,"K":12},"opt_time":0.001354344,"accuracy":0.4}