{"complete_time":0.004150514,"hps":{"eps_E":0.016566059589499145,"tol":0.014831025143361045,"eps_CL":15.352750287804227,"K":47},"opt_time":0.004091616,"accuracy":0.45}