{"complete_time":0.003755444,"hps":{"eps_E":0.030024617090855493,"tol":1.336983741824948e-7,"eps_CL":11.016459496336564,"K":43},"opt_time":0.003685078,"accuracy":0.3}