{"complete_time":0.00431744,"hps":{"eps_E":0.1483102514336104,"tol":6.468607661546321e-9,"eps_CL":95.93608287093147,"K":50},"opt_time":0.004202735,"accuracy":0.3}