{"complete_time":0.002550616,"hps":{"eps_E":0.024739641008868142,"tol":6.468607661546321e-6,"eps_CL":11.24737178364752,"K":19},"opt_time":0.002507725,"accuracy":0.45}