{"complete_time":0.002695514,"hps":{"eps_E":1.679674872092654,"tol":2.2927693128656489e-10,"eps_CL":13.650078065460137,"K":10},"opt_time":0.002672714,"accuracy":0.3}