{"complete_time":0.005596261,"hps":{"eps_E":0.01514189325304352,"tol":1.0e-8,"eps_CL":0.2981772290019672,"K":65},"opt_time":0.00553736,"accuracy":0.35}