{"complete_time":0.00102712,"hps":{"eps_E":0.6036438506075865,"tol":1.1092898648952227e-5,"eps_CL":0.3544455673970434,"K":7},"opt_time":0.000994428,"accuracy":0.3}