{"complete_time":0.003309543,"hps":{"eps_E":0.8708431497690722,"tol":2.8213076759394707e-5,"eps_CL":57.91122647641758,"K":38},"opt_time":0.003266277,"accuracy":0.4}