{"complete_time":0.005080025,"hps":{"eps_E":0.023570694139967277,"tol":0.008829699955494092,"eps_CL":1.0715933998226708,"K":54},"opt_time":0.005018428,"accuracy":0.5}