{"complete_time":0.001957009,"hps":{"eps_E":0.2744343303228364,"tol":0.0001,"eps_CL":4.804870439655131,"K":20},"opt_time":0.001914909,"accuracy":0.45}