{"complete_time":0.006015327,"hps":{"eps_E":0.03400411932703706,"tol":7.79636013040522e-9,"eps_CL":4.213321743847288,"K":67},"opt_time":0.005941254,"accuracy":0.3}