{"complete_time":0.009966181,"hps":{"eps_E":0.03353710152002929,"tol":4.738879609717651e-10,"eps_CL":0.3877828414589457,"K":74},"opt_time":0.00988615,"accuracy":0.25}