{"complete_time":5.897592508,"hps":{"eps_E":1.8124175473742372,"tol":1.0865157746525373e-8,"eps_CL":32.84857366030044,"K":22},"opt_time":5.897424522,"accuracy":0.6}