{"complete_time":8.743144848,"hps":{"eps_E":1.3556017853293683,"tol":0.0010423606739764012,"eps_CL":17.875255259042344,"K":56},"opt_time":8.740470571,"accuracy":0.7142857142857143}