{"complete_time":4.291523194,"hps":{"eps_E":0.019421746814890263,"tol":2.2927693128656489e-10,"eps_CL":17.875255259042344,"K":5},"opt_time":4.291463493,"accuracy":0.5428571428571428}