{"complete_time":8.953836737,"hps":{"eps_E":0.18504070195423022,"tol":4.838209664925958e-10,"eps_CL":35.938136638046274,"K":35},"opt_time":8.953708037,"accuracy":0.5428571428571428}