{"complete_time":3.990197015,"hps":{"eps_E":0.3239742629528196,"tol":0.05594325706169378,"eps_CL":3.2174181506763717,"K":32},"opt_time":3.989979038,"accuracy":0.5142857142857142}