{"complete_time":5.972202409,"hps":{"eps_E":0.11483124145435106,"tol":2.1995930680300702e-10,"eps_CL":18.632463119315606,"K":25},"opt_time":5.972039516,"accuracy":0.6}