{"complete_time":6.828152238,"hps":{"eps_E":0.11969557023590434,"tol":9.203731996618211e-7,"eps_CL":1.3005112521734088,"K":49},"opt_time":6.827995737,"accuracy":0.7428571428571429}