{"complete_time":3.39707545,"hps":{"eps_E":0.016451905877536626,"tol":3.544455673970443e-8,"eps_CL":13.369837418249466,"K":60},"opt_time":3.396893645,"accuracy":0.8285714285714286}