{"complete_time":5.857758236,"hps":{"eps_E":2.9612254379880345,"tol":4.5462954695323996e-7,"eps_CL":0.8239785684528518,"K":13},"opt_time":5.857637108,"accuracy":0.5714285714285714}