{"complete_time":4.751636588,"hps":{"eps_E":1.422830457214353,"tol":0.004838209664925958,"eps_CL":1.9023011886689443,"K":31},"opt_time":4.751453594,"accuracy":0.7714285714285715}