{"complete_time":7.165945534,"hps":{"eps_E":1.8632463119315608,"tol":1.7148819698705374e-8,"eps_CL":0.49055837063650487,"K":25},"opt_time":7.165782273,"accuracy":0.6285714285714286}