{"complete_time":5.840077407,"hps":{"eps_E":2.2148552337263605,"tol":0.00017148819698705392,"eps_CL":46.41588833612777,"K":47},"opt_time":5.839867113,"accuracy":0.7714285714285715}