{"complete_time":5.921176298,"hps":{"eps_E":0.22612800663372773,"tol":0.030024617090855493,"eps_CL":57.11586478126435,"K":12},"opt_time":5.921064586,"accuracy":0.5714285714285714}