{"complete_time":3.53628109,"hps":{"eps_E":3.065395295056527,"tol":0.0008470868266557402,"eps_CL":0.4126820845702954,"K":74},"opt_time":3.536068931,"accuracy":0.6285714285714286}