{"complete_time":6.584481524,"hps":{"eps_E":0.23570694139967277,"tol":0.00045462954695323993,"eps_CL":28.40883690183304,"K":31},"opt_time":6.584303699,"accuracy":0.6285714285714286}