{"complete_time":4.900452249,"hps":{"eps_E":0.14526539259467813,"tol":0.0013095350204826678,"eps_CL":74.79522515621821,"K":32},"opt_time":4.900338323,"accuracy":0.7142857142857143}