{"complete_time":2.949119906,"hps":{"eps_E":0.12476595526308694,"tol":0.0013369837418249451,"eps_CL":0.5517492376129125,"K":7},"opt_time":2.949017794,"accuracy":0.6}