{"complete_time":4.858897662,"hps":{"eps_E":0.012826498305280605,"tol":3.47168681892656e-8,"eps_CL":0.952750047242729,"K":34},"opt_time":4.858713726,"accuracy":0.8285714285714286}