{"complete_time":3.128874751,"hps":{"eps_E":0.055943257061693806,"tol":0.009014776314524917,"eps_CL":1.9155005555735278,"K":24},"opt_time":3.12872576,"accuracy":0.7142857142857143}