{"complete_time":4.274655181,"hps":{"eps_E":0.8015006961565407,"tol":0.002880444153396298,"eps_CL":88.29699955494087,"K":80},"opt_time":4.274512756,"accuracy":0.6571428571428571}