{"complete_time":6.395034371,"hps":{"eps_E":0.7531420165974372,"tol":5.148867450137487e-8,"eps_CL":76.36298261282242,"K":75},"opt_time":6.394566514,"accuracy":0.6857142857142857}