{"complete_time":9.647849917,"hps":{"eps_E":2.3570694139967285,"tol":1.2052609368708414e-10,"eps_CL":0.48382096649259554,"K":62},"opt_time":9.133826861,"accuracy":0.6857142857142857}