{"complete_time":5.916121547,"hps":{"eps_E":0.41268208457029526,"tol":0.00013650078065460138,"eps_CL":93.31897715733238,"K":54},"opt_time":5.915991029,"accuracy":0.8}