{"complete_time":7.98218551,"hps":{"eps_E":5.555776222398878,"tol":4.641588833612773e-6,"eps_CL":24.911300260677884,"K":11},"opt_time":7.98209976,"accuracy":0.8}