{"complete_time":4.133038944,"hps":{"eps_E":2.8804441533962954,"tol":0.00012305240043592616,"eps_CL":0.4184288507901581,"K":47},"opt_time":4.132869306,"accuracy":0.6285714285714286}