{"max_acc":0.6,"best_params":[61,0.03400411932703706,0.19023011886689448,0.0006205728806776501,3]}