{"complete_time":6.248651462,"hps":{"eps_E":0.11169868184678232,"tol":2.9408201705870666e-10,"eps_CL":1.2136237983442408,"K":71,"num_fuzzy_steps":3},"opt_time":6.248590925,"accuracy":0.4}