{"complete_time":8.911334996,"hps":{"eps_E":6.036438506075867,"tol":9.396648314954691e-8,"eps_CL":0.5078152112327674,"K":45,"num_fuzzy_steps":7},"opt_time":8.911266902,"accuracy":0.4}