{"complete_time":1.294774123,"hps":{"eps_E":0.7850456200204508,"tol":1.4526539259467781e-7,"eps_CL":49.05583706365048,"K":18,"num_fuzzy_steps":3},"opt_time":1.29472684,"accuracy":0.4}