{"complete_time":1.593630938,"hps":{"eps_E":0.04126820845702954,"tol":4.738879609717651e-9,"eps_CL":66.50018030431119,"K":12,"num_fuzzy_steps":4},"opt_time":1.593577747,"accuracy":0.4}