{"complete_time":13.338288122,"hps":{"eps_E":0.03353710152002929,"tol":4.738879609717651e-10,"eps_CL":0.3877828414589457,"K":74,"num_fuzzy_steps":4},"opt_time":13.338197519,"accuracy":0.6}