{"complete_time":5.031788104,"hps":{"eps_E":0.33306003436245885,"tol":0.010423606739764012,"eps_CL":0.20668802496290825,"K":48,"num_fuzzy_steps":4},"opt_time":5.031719979,"accuracy":0.4}