{"complete_time":4.217378182,"hps":{"eps_E":0.016566059589499145,"tol":0.014831025143361045,"eps_CL":15.352750287804227,"K":47,"num_fuzzy_steps":3},"opt_time":4.21730743,"accuracy":0.4}