{"complete_time":3.290452945,"hps":{"eps_E":3.746050032748992,"tol":5.711586478126423e-8,"eps_CL":0.15037553212997382,"K":32,"num_fuzzy_steps":3},"opt_time":3.290401264,"accuracy":0.6}