{"complete_time":3.151854998,"hps":{"eps_E":0.012390621569479163,"tol":0.002245697995539774,"eps_CL":6.036438506075865,"K":32,"num_fuzzy_steps":5},"opt_time":3.151766388,"accuracy":0.4}