{"complete_time":10.565251861,"hps":{"eps_E":0.249113002606779,"tol":4.2719939663067766e-8,"eps_CL":1.086515774652538,"K":51,"num_fuzzy_steps":7},"opt_time":10.565177498,"accuracy":0.4}