{"complete_time":7.113201674,"hps":{"eps_E":0.1355601785329369,"tol":9.39664831495469e-7,"eps_CL":36.69142378402494,"K":75,"num_fuzzy_steps":3},"opt_time":7.113137517,"accuracy":0.4}