{"complete_time":12.216379312,"hps":{"eps_E":6.65001803043112,"tol":0.0010209606623060466,"eps_CL":1.6913295170296478,"K":79,"num_fuzzy_steps":5},"opt_time":12.216310713,"accuracy":0.4}