{"complete_time":14.816136903,"hps":{"eps_E":0.15246957270175737,"tol":2.7633852900531726e-7,"eps_CL":3.0866649433372735,"K":74,"num_fuzzy_steps":6},"opt_time":14.816070488,"accuracy":0.4}