{"complete_time":1.827868428,"hps":{"eps_E":0.02245697995539774,"tol":1.1325413151528126e-10,"eps_CL":6.379766808606281,"K":31,"num_fuzzy_steps":3},"opt_time":1.827818695,"accuracy":0.4}