{"complete_time":5.668223335,"hps":{"eps_E":1.3650078065460134,"tol":0.0017875255259042354,"eps_CL":75.8367791499719,"K":61,"num_fuzzy_steps":3},"opt_time":5.668167624,"accuracy":0.4}