{"complete_time":3.585105818,"hps":{"eps_E":9.593608287093144,"tol":1.2305240043592616e-5,"eps_CL":24.911300260677884,"K":34,"num_fuzzy_steps":6},"opt_time":3.585035663,"accuracy":0.4}