{"complete_time":7.911337438,"hps":{"eps_E":9.203731996618226,"tol":7.32596542821523e-10,"eps_CL":0.5633142670601357,"K":62,"num_fuzzy_steps":4},"opt_time":7.911260626,"accuracy":0.4}