{"complete_time":11.517826744,"hps":{"eps_E":0.028804441533962964,"tol":5.256791122018419e-8,"eps_CL":2.744343303228365,"K":49,"num_fuzzy_steps":8},"opt_time":11.517772034,"accuracy":0.4}