{"complete_time":1.990090837,"hps":{"eps_E":0.32174181506763716,"tol":3.4716868189265667e-7,"eps_CL":0.11887076977119033,"K":30,"num_fuzzy_steps":3},"opt_time":1.990041823,"accuracy":0.6}