{"complete_time":6.816155675,"hps":{"eps_E":5.113387538414325,"tol":0.003851107002325569,"eps_CL":97.9469667069539,"K":66,"num_fuzzy_steps":3},"opt_time":6.816085793,"accuracy":0.4}