{"complete_time":7.687540871,"hps":{"eps_E":0.03959110266468461,"tol":1.309535020482665e-7,"eps_CL":57.11586478126435,"K":53,"num_fuzzy_steps":5},"opt_time":7.687486435,"accuracy":0.4}