{"complete_time":12.729938227,"hps":{"eps_E":0.249113002606779,"tol":3.1296480106707505e-6,"eps_CL":0.45149677720361003,"K":56,"num_fuzzy_steps":8},"opt_time":12.729868004,"accuracy":0.4}