{"complete_time":2.686932647,"hps":{"eps_E":0.02010496416260499,"tol":1.645190587753664e-6,"eps_CL":11.643031329208767,"K":38,"num_fuzzy_steps":4},"opt_time":2.686889503,"accuracy":0.4}