{"complete_time":9.667837058,"hps":{"eps_E":5.44171428686589,"tol":0.015783314056521173,"eps_CL":1.0495932305582274,"K":43,"num_fuzzy_steps":6},"opt_time":9.667779686,"accuracy":0.4}