{"complete_time":5.194641791,"hps":{"eps_E":0.1273811323186479,"tol":2.8213076759394707e-5,"eps_CL":3.7202366814130667,"K":33,"num_fuzzy_steps":8},"opt_time":5.194590037,"accuracy":0.4}