{"complete_time":10.124995241,"hps":{"eps_E":0.06931717276155408,"tol":9.20373199661823e-5,"eps_CL":26.51083601908539,"K":49,"num_fuzzy_steps":7},"opt_time":10.12494046,"accuracy":0.4}