{"complete_time":7.534189936,"hps":{"eps_E":0.05256791122018422,"tol":1.3936192742241435e-7,"eps_CL":0.48382096649259554,"K":55,"num_fuzzy_steps":5},"opt_time":7.534117397,"accuracy":0.4}