{"complete_time":5.074926996,"hps":{"eps_E":0.6789406812696109,"tol":2.2927693128656534e-7,"eps_CL":5.3669769455404746,"K":40,"num_fuzzy_steps":7},"opt_time":5.074864209,"accuracy":0.4}