{"complete_time":2.015423036,"hps":{"eps_E":2.154434690031884,"tol":2.2927693128656486e-8,"eps_CL":3.6946012051993025,"K":17,"num_fuzzy_steps":5},"opt_time":2.01537324,"accuracy":0.4}