{"complete_time":18.259154371,"hps":{"eps_E":1.7148819698705395,"tol":3.931828755705778e-8,"eps_CL":0.31296480106707514,"K":80,"num_fuzzy_steps":8},"opt_time":18.259089092,"accuracy":0.4}