{"complete_time":14.155954693,"hps":{"eps_E":0.013744790926775373,"tol":0.046415888336127774,"eps_CL":29.205555121827466,"K":58,"num_fuzzy_steps":8},"opt_time":14.155887158,"accuracy":0.4}