{"complete_time":14.667778283,"hps":{"eps_E":0.6078323128297232,"tol":3.618749812411277e-6,"eps_CL":0.13744790926775374,"K":72,"num_fuzzy_steps":7},"opt_time":14.667718471,"accuracy":0.4}