{"complete_time":1.881030008,"hps":{"eps_E":1.273811323186478,"tol":3.1296480106707503e-9,"eps_CL":0.5672228971644544,"K":14,"num_fuzzy_steps":5},"opt_time":1.880940591,"accuracy":0.4}