{"complete_time":1.754674008,"hps":{"eps_E":0.04361537789208003,"tol":0.0001545927736419477,"eps_CL":66.04193962330305,"K":19,"num_fuzzy_steps":4},"opt_time":1.75462208,"accuracy":0.4}