{"complete_time":7.159067435,"hps":{"eps_E":0.6979813907830662,"tol":0.01679674872092653,"eps_CL":1.6225952870780875,"K":49,"num_fuzzy_steps":5},"opt_time":7.158957211,"accuracy":0.4}