{"complete_time":2.220622062,"hps":{"eps_E":0.07959777002314986,"tol":1.309535020482665e-7,"eps_CL":14.130259905995336,"K":40,"num_fuzzy_steps":3},"opt_time":2.220556682,"accuracy":0.4}