{"complete_time":2.274772247,"hps":{"eps_E":0.04706224849841284,"tol":2.389892566231043e-9,"eps_CL":1.2305240043592618,"K":40,"num_fuzzy_steps":3},"opt_time":2.274716618,"accuracy":0.4}