{"complete_time":3.171163904,"hps":{"eps_E":1.1016459496336564,"tol":8.296958520834898e-7,"eps_CL":9.077326525210223,"K":17,"num_fuzzy_steps":8},"opt_time":3.171099242,"accuracy":0.4}