{"complete_time":33.554010734,"hps":{"eps_E":2.860595535175742,"tol":1.336983741824948e-6,"eps_CL":0.3400411932703707,"K":19,"num_fuzzy_steps":7},"opt_time":33.553949952,"accuracy":0.6}