{"complete_time":5.258138861,"hps":{"eps_E":0.03400411932703706,"tol":0.0006205728806776501,"eps_CL":0.19023011886689448,"K":61,"num_fuzzy_steps":3},"opt_time":5.258061282,"accuracy":0.6}