{"complete_time":8.281515068,"hps":{"eps_E":0.012305240043592616,"tol":4.838209664925957e-6,"eps_CL":0.40983836717572625,"K":51,"num_fuzzy_steps":6},"opt_time":8.281463916,"accuracy":0.4}