{"complete_time":11.796456157,"hps":{"eps_E":0.19287915080207782,"tol":0.012305240043592616,"eps_CL":76.36298261282242,"K":71,"num_fuzzy_steps":5},"opt_time":11.796395078,"accuracy":0.4}