{"complete_time":1.649252816,"hps":{"eps_E":5.672228971644542,"tol":2.43998629725955e-6,"eps_CL":0.2840883690183304,"K":9,"num_fuzzy_steps":5},"opt_time":1.649207545,"accuracy":0.4}