{"complete_time":3.466438413,"hps":{"eps_E":0.1265033720395904,"tol":5.594325706169366e-10,"eps_CL":42.71993966306779,"K":29,"num_fuzzy_steps":6},"opt_time":3.466375094,"accuracy":0.4}