{"complete_time":8.817563019,"hps":{"eps_E":0.3195247505759213,"tol":1.9023011886689418e-5,"eps_CL":0.6379766808606281,"K":54,"num_fuzzy_steps":6},"opt_time":8.81750549,"accuracy":0.4}