{"complete_time":25.745619301,"hps":{"eps_E":0.013840160965731315,"tol":1.1805165285688055e-8,"eps_CL":21.24845352498882,"K":72,"num_fuzzy_steps":6},"opt_time":25.648524695,"accuracy":0.4}