{"complete_time":13.068719461,"hps":{"eps_E":0.07427982482564918,"tol":0.0607832312829723,"eps_CL":0.26328154656480207,"K":68,"num_fuzzy_steps":7},"opt_time":13.068657844,"accuracy":0.4}