{"complete_time":11.379515205,"hps":{"eps_E":0.011092898648952227,"tol":2.3408272761782944e-7,"eps_CL":0.146273335620113,"K":70,"num_fuzzy_steps":6},"opt_time":11.379454127,"accuracy":0.4}