{"complete_time":16.070445777,"hps":{"eps_E":0.03959110266468461,"tol":3.065395295056536e-9,"eps_CL":1.2915496650148837,"K":63,"num_fuzzy_steps":8},"opt_time":16.070381837,"accuracy":0.4}