{"max_acc":0.535,"best_params":[80,0.021995930680300747,1.6681005372000588,1.5783314056521132e-9,8]}