{"complete_time":16.797445432,"hps":{"eps_E":0.17629753752872065,"tol":0.0004738879609717651,"eps_CL":40.42095839796306,"K":27,"num_fuzzy_steps":3},"opt_time":16.797300381,"accuracy":0.535}