{"complete_time":28.058865362,"hps":{"eps_E":0.8470868266557402,"tol":5.5943257061693776e-8,"eps_CL":4.7062248498412815,"K":15,"num_fuzzy_steps":7},"opt_time":28.058764794,"accuracy":0.535}