{"complete_time":192.980069941,"hps":{"eps_E":0.30024617090855493,"tol":6.205728806776488e-10,"eps_CL":0.44529585099426555,"K":20,"num_fuzzy_steps":4},"opt_time":192.979952058,"accuracy":0.535}