{"complete_time":50.889636837,"hps":{"eps_E":0.4301635758106796,"tol":2.1995930680300702e-10,"eps_CL":7.689283720758313,"K":45,"num_fuzzy_steps":6},"opt_time":50.889502344,"accuracy":0.535}