{"complete_time":46.884373802,"hps":{"eps_E":8.470868266557405,"tol":0.0016796748720926532,"eps_CL":8.18300681586739,"K":38,"num_fuzzy_steps":7},"opt_time":46.88423006,"accuracy":0.535}