{"complete_time":237.908176083,"hps":{"eps_E":0.08768856094587431,"tol":3.0024617090855494e-6,"eps_CL":5.3669769455404746,"K":91,"num_fuzzy_steps":8},"opt_time":237.907961117,"accuracy":0.535}