{"complete_time":138.693731954,"hps":{"eps_E":0.0493962174387832,"tol":4.641588833612792e-9,"eps_CL":11.016459496336564,"K":98,"num_fuzzy_steps":4},"opt_time":138.693513949,"accuracy":0.535}