{"complete_time":71.946843201,"hps":{"eps_E":0.019692202554791725,"tol":0.0595353313081437,"eps_CL":0.1514189325304352,"K":64,"num_fuzzy_steps":4},"opt_time":71.946679816,"accuracy":0.535}