{"complete_time":65.240341496,"hps":{"eps_E":0.012390621569479163,"tol":0.040983836717572615,"eps_CL":0.30232946844057773,"K":44,"num_fuzzy_steps":8},"opt_time":65.240105227,"accuracy":0.535}