{"complete_time":26.746715241,"hps":{"eps_E":0.06379766808606278,"tol":1.0642092440647224e-9,"eps_CL":9.527500472427292,"K":26,"num_fuzzy_steps":5},"opt_time":26.746587552,"accuracy":0.535}