{"complete_time":168.507968252,"hps":{"eps_E":3.90473523688556,"tol":0.00326222200971167,"eps_CL":2.6328154656480205,"K":97,"num_fuzzy_steps":7},"opt_time":168.507775549,"accuracy":0.535}