{"complete_time":934.464236182,"hps":{"eps_E":0.1668100537200059,"tol":1.3369837418249452e-10,"eps_CL":0.34240061379714243,"K":42,"num_fuzzy_steps":3},"opt_time":934.464093833,"accuracy":0.465}