{"complete_time":46.539928991,"hps":{"eps_E":1.6681005372000584,"tol":0.00013650078065460138,"eps_CL":0.49055837063650487,"K":45,"num_fuzzy_steps":6},"opt_time":46.539797003,"accuracy":0.535}