{"complete_time":175.272921713,"hps":{"eps_E":8.296958520834911,"tol":0.02651083601908539,"eps_CL":0.4014242490499321,"K":82,"num_fuzzy_steps":8},"opt_time":175.27273915,"accuracy":0.535}