{"complete_time":122.177331944,"hps":{"eps_E":5.555776222398878,"tol":3.065395295056536e-9,"eps_CL":55.17492376129129,"K":69,"num_fuzzy_steps":7},"opt_time":122.177171648,"accuracy":0.535}