{"complete_time":69.748391996,"hps":{"eps_E":1.222044686631488,"tol":0.010209606623060466,"eps_CL":94.61848194721998,"K":70,"num_fuzzy_steps":4},"opt_time":69.748225696,"accuracy":0.535}