{"complete_time":65.02937698,"hps":{"eps_E":0.011969557023590434,"tol":0.0393182875570577,"eps_CL":9.203731996618224,"K":39,"num_fuzzy_steps":8},"opt_time":65.029255234,"accuracy":0.465}