{"complete_time":38.948241182,"hps":{"eps_E":2.0384933982524625,"tol":0.08296958520834907,"eps_CL":83.54528058382871,"K":20,"num_fuzzy_steps":8},"opt_time":38.948126066,"accuracy":0.535}