{"complete_time":25.48371204,"hps":{"eps_E":0.02245697995539774,"tol":9.794696670695385e-5,"eps_CL":6.742622241778344,"K":42,"num_fuzzy_steps":3},"opt_time":25.483567284,"accuracy":0.465}