{"complete_time":39.123608187,"hps":{"eps_E":1.2136237983442408,"tol":0.04361537789208006,"eps_CL":95.93608287093147,"K":59,"num_fuzzy_steps":3},"opt_time":39.123408703,"accuracy":0.535}