{"complete_time":17.367761212,"hps":{"eps_E":4.331483223376399,"tol":6.46860766154632e-8,"eps_CL":0.5831305113526223,"K":19,"num_fuzzy_steps":4},"opt_time":17.367615517,"accuracy":0.535}