{"complete_time":65.298869947,"hps":{"eps_E":0.10790287915161842,"tol":3.47168681892656e-8,"eps_CL":0.44529585099426555,"K":85,"num_fuzzy_steps":3},"opt_time":65.29866873,"accuracy":0.535}