{"complete_time":436.185806954,"hps":{"eps_E":8.470868266557405,"tol":6.604193962330305e-6,"eps_CL":0.5184593543892911,"K":37,"num_fuzzy_steps":6},"opt_time":436.185652539,"accuracy":0.535}