{"complete_time":21.294047567,"hps":{"eps_E":4.213321743847289,"tol":0.04838209664925957,"eps_CL":0.27443433032283654,"K":46,"num_fuzzy_steps":3},"opt_time":21.293899338,"accuracy":0.535}