{"complete_time":236.562935129,"hps":{"eps_E":0.2038493398252462,"tol":0.00022927693128656486,"eps_CL":35.20031472796679,"K":91,"num_fuzzy_steps":7},"opt_time":236.562753048,"accuracy":0.535}