{"complete_time":87.403746063,"hps":{"eps_E":0.33306003436245885,"tol":0.0027066520700332413,"eps_CL":77.96360130405237,"K":47,"num_fuzzy_steps":8},"opt_time":87.403622978,"accuracy":0.535}