{"complete_time":108.891449928,"hps":{"eps_E":0.03772042493416997,"tol":0.0732596542821523,"eps_CL":4.361537789208005,"K":62,"num_fuzzy_steps":7},"opt_time":108.891293133,"accuracy":0.465}