{"complete_time":137.443358907,"hps":{"eps_E":0.6162966255132941,"tol":6.604193962330319e-8,"eps_CL":7.028244264308349,"K":70,"num_fuzzy_steps":8},"opt_time":137.443199258,"accuracy":0.535}