{"complete_time":74.439854449,"hps":{"eps_E":0.03195247505759212,"tol":3.129648010670757e-7,"eps_CL":2.308677994187169,"K":89,"num_fuzzy_steps":3},"opt_time":74.439665448,"accuracy":0.535}