{"complete_time":183.784488626,"hps":{"eps_E":1.969220255479172,"tol":2.9408201705870666e-10,"eps_CL":1.2915496650148837,"K":97,"num_fuzzy_steps":7},"opt_time":183.78429116,"accuracy":0.535}