{"complete_time":4871.878549162,"hps":{"eps_E":0.7583677914997189,"tol":0.000732596542821523,"eps_CL":5.148867450137495,"K":6,"num_fuzzy_steps":7},"opt_time":4871.87842718,"accuracy":0.535}