{"complete_time":16.336413941,"hps":{"eps_E":0.044222739805058996,"tol":8.648423275731727e-5,"eps_CL":3.520031472796681,"K":13,"num_fuzzy_steps":4},"opt_time":16.336280059,"accuracy":0.465}