{"complete_time":64.955650185,"hps":{"eps_E":2.4739641008868136,"tol":4.838209664925967e-8,"eps_CL":15.141893253043527,"K":48,"num_fuzzy_steps":6},"opt_time":64.955506659,"accuracy":0.535}