{"complete_time":57.325511684,"hps":{"eps_E":1.2136237983442408,"tol":2.1544346900318866e-8,"eps_CL":0.835452805838287,"K":48,"num_fuzzy_steps":6},"opt_time":57.325351835,"accuracy":0.535}