{"complete_time":45.952034854,"hps":{"eps_E":0.10069386314760276,"tol":1.4526539259467783e-10,"eps_CL":0.2900430493863992,"K":37,"num_fuzzy_steps":6},"opt_time":45.951871896,"accuracy":0.535}