{"complete_time":66.919446192,"hps":{"eps_E":0.8829699955494091,"tol":5.95353313081437e-7,"eps_CL":1.1483124145435109,"K":65,"num_fuzzy_steps":5},"opt_time":66.919269334,"accuracy":0.535}