{"complete_time":20.428751933,"hps":{"eps_E":0.25787628875938023,"tol":1.3095350204826677e-8,"eps_CL":14.32702953409831,"K":13,"num_fuzzy_steps":5},"opt_time":20.428639397,"accuracy":0.535}