{"complete_time":71.4243462,"hps":{"eps_E":0.11805165285688056,"tol":1.256316602474119e-5,"eps_CL":61.204983724767025,"K":81,"num_fuzzy_steps":3},"opt_time":71.424158247,"accuracy":0.535}