{"complete_time":125.542522158,"hps":{"eps_E":1.7267809038843551,"tol":4.5462954695323996e-5,"eps_CL":11.016459496336564,"K":83,"num_fuzzy_steps":6},"opt_time":125.542314955,"accuracy":0.535}