{"complete_time":236.268007617,"hps":{"eps_E":0.021395888713434216,"tol":5.043159487171348e-9,"eps_CL":12.305240043592615,"K":92,"num_fuzzy_steps":7},"opt_time":236.267788771,"accuracy":0.535}