{"complete_time":31.521801497,"hps":{"eps_E":0.9331897715733236,"tol":0.00016796748720926532,"eps_CL":0.3376980310825091,"K":17,"num_fuzzy_steps":8},"opt_time":31.521672213,"accuracy":0.535}