{"complete_time":21.460958796,"hps":{"eps_E":0.11969557023590434,"tol":3.851107002325569e-10,"eps_CL":15.89282865622978,"K":16,"num_fuzzy_steps":5},"opt_time":21.460842096,"accuracy":0.535}