{"complete_time":47.654602552,"hps":{"eps_E":0.1483102514336104,"tol":6.604193962330305e-5,"eps_CL":6.836516004510237,"K":33,"num_fuzzy_steps":7},"opt_time":47.654473594,"accuracy":0.535}