{"complete_time":13.317704462,"hps":{"eps_E":6.931717276155404,"tol":0.0633580499265825,"eps_CL":1.2826498305280605,"K":7,"num_fuzzy_steps":4},"opt_time":13.317587331,"accuracy":0.535}