{"complete_time":171.219790067,"hps":{"eps_E":0.2688001021537605,"tol":9.593608287093147e-5,"eps_CL":2.860595535175743,"K":71,"num_fuzzy_steps":8},"opt_time":171.219598321,"accuracy":0.535}