{"complete_time":1453.667348926,"hps":{"eps_E":0.03669142378402492,"tol":7.028244264308353e-5,"eps_CL":0.3904735236885561,"K":95,"num_fuzzy_steps":6},"opt_time":1453.667133136,"accuracy":0.535}