{"complete_time":212.735870727,"hps":{"eps_E":0.021995930680300747,"tol":1.5783314056521132e-9,"eps_CL":1.6681005372000588,"K":80,"num_fuzzy_steps":8},"opt_time":212.640795658,"accuracy":0.535}