{"max_acc":0.965,"best_params":[52,2.2612800663372776,3.6691423784024932,1.1562801312073731e-9]}