{"complete_time":23.524775145,"hps":{"eps_E":1.4831025143361045,"tol":1.2305240043592616e-5,"eps_CL":0.2981772290019672,"K":11},"opt_time":23.524503925,"accuracy":0.495}