{"complete_time":51.728787668,"hps":{"eps_E":0.047388796097176535,"tol":6.205728806776488e-10,"eps_CL":0.3044272212064303,"K":15},"opt_time":51.728625205,"accuracy":0.48}