{"complete_time":32.894305637,"hps":{"eps_E":0.011887076977119033,"tol":2.2456979955397717e-8,"eps_CL":17.75208011717634,"K":10},"opt_time":32.894194166,"accuracy":0.495}