{"complete_time":38.235594491,"hps":{"eps_E":0.030024617090855493,"tol":3.12964801067075e-8,"eps_CL":57.91122647641758,"K":12},"opt_time":38.235367009,"accuracy":0.475}