{"complete_time":375.299776308,"hps":{"eps_E":2.2612800663372776,"tol":1.1562801312073731e-9,"eps_CL":3.6691423784024932,"K":52},"opt_time":375.299567796,"accuracy":0.965}