{"complete_time":390.304109232,"hps":{"eps_E":0.0326222200971167,"tol":4.641588833612782e-7,"eps_CL":52.205675278469755,"K":98},"opt_time":390.303918619,"accuracy":0.49}