{"complete_time":53.289603411,"hps":{"eps_E":0.14228304572143527,"tol":0.00022927693128656486,"eps_CL":34.00411932703706,"K":18},"opt_time":53.28943398,"accuracy":0.45}