{"complete_time":412.395790926,"hps":{"eps_E":0.6696160054853222,"tol":4.0983836717572616e-8,"eps_CL":14.831025143361044,"K":94},"opt_time":412.395547604,"accuracy":0.46}