{"complete_time":49.823579488,"hps":{"eps_E":0.2688001021537605,"tol":1.7875255259042318e-5,"eps_CL":1.1969557023590434,"K":31},"opt_time":49.823365163,"accuracy":0.455}