{"complete_time":16.100169787,"hps":{"eps_E":0.24569164629827908,"tol":8.126619200091945e-6,"eps_CL":0.15037553212997382,"K":37},"opt_time":16.099902963,"accuracy":0.495}