{"complete_time":863.543584395,"hps":{"eps_E":1.1805165285688048,"tol":0.00020668802496290822,"eps_CL":94.61848194721998,"K":90},"opt_time":863.543240379,"accuracy":0.53}