{"complete_time":4.6518118,"hps":{"eps_E":0.14327029534098307,"tol":0.0068839520696454964,"eps_CL":1.8504070195423021,"K":30},"opt_time":4.651532878,"accuracy":0.535}