{"complete_time":272.493569457,"hps":{"eps_E":0.5220567527846975,"tol":0.08648423275731722,"eps_CL":4.0983836717572615,"K":66},"opt_time":272.493388995,"accuracy":0.48}