{"complete_time":709.013877135,"hps":{"eps_E":0.26510836019085376,"tol":2.1544346900318866e-8,"eps_CL":0.5517492376129125,"K":56},"opt_time":709.013670942,"accuracy":0.435}