{"complete_time":56.276558376,"hps":{"eps_E":0.2614673211801092,"tol":3.4716868189265596e-6,"eps_CL":0.12563166024741204,"K":40},"opt_time":56.276298292,"accuracy":0.45}