{"complete_time":1091.611771389,"hps":{"eps_E":0.44838559480211887,"tol":0.0012305240043592616,"eps_CL":28.018665564591952,"K":56},"opt_time":1091.611451082,"accuracy":0.445}