{"complete_time":323.935608976,"hps":{"eps_E":0.013005112521734093,"tol":1.4526539259467812e-6,"eps_CL":8.829699955494092,"K":84},"opt_time":323.9354379,"accuracy":0.48}