{"complete_time":329.00419399,"hps":{"eps_E":0.05672228971644543,"tol":0.09593608287093142,"eps_CL":0.6248788072006892,"K":91},"opt_time":328.898176113,"accuracy":0.525}