{"complete_time":55.625268636,"hps":{"eps_E":0.023408272761782933,"tol":1.1325413151528126e-9,"eps_CL":63.358049926582545,"K":30},"opt_time":55.625011954,"accuracy":0.455}