{"complete_time":46.889085885,"hps":{"eps_E":0.5672228971644545,"tol":5.148867450137498e-5,"eps_CL":7.689283720758313,"K":34},"opt_time":46.888837476,"accuracy":0.45}