{"complete_time":268.647407187,"hps":{"eps_E":0.07583677914997186,"tol":7.32596542821523e-5,"eps_CL":0.7531420165974374,"K":100},"opt_time":268.647086001,"accuracy":0.5}