{"complete_time":5.405064715,"hps":{"eps_E":0.012136237983442412,"tol":0.0019421746814890265,"eps_CL":0.11325413151528117,"K":5},"opt_time":5.404827519,"accuracy":0.5}