{"complete_time":69.024722526,"hps":{"eps_E":0.03217418150676372,"tol":0.0036187498124112803,"eps_CL":1.9155005555735278,"K":69},"opt_time":69.024523755,"accuracy":0.455}