{"complete_time":425.125755744,"hps":{"eps_E":0.033769803108250916,"tol":5.0431594871713585e-6,"eps_CL":13.650078065460137,"K":82},"opt_time":425.125460444,"accuracy":0.515}