{"complete_time":246.468289728,"hps":{"eps_E":1.8632463119315608,"tol":0.0003544455673970432,"eps_CL":10.209606623060465,"K":83},"opt_time":246.468091206,"accuracy":0.955}