{"complete_time":318.136510824,"hps":{"eps_E":0.014130259905995337,"tol":0.0326222200971167,"eps_CL":9.077326525210223,"K":55},"opt_time":318.13626571,"accuracy":0.51}