{"complete_time":138.958667781,"hps":{"eps_E":1.4032890847858723,"tol":0.0009203731996618221,"eps_CL":0.5831305113526223,"K":75},"opt_time":138.958475778,"accuracy":0.535}