{"complete_time":777.897529084,"hps":{"eps_E":0.03353710152002929,"tol":8.470868266557403e-7,"eps_CL":88.90965989529163,"K":44},"opt_time":777.897381781,"accuracy":0.48}