{"complete_time":212.016141397,"hps":{"eps_E":3.669142378402494,"tol":0.0011805165285688056,"eps_CL":5.633142670601353,"K":73},"opt_time":212.015965083,"accuracy":0.895}