{"complete_time":57.145415088,"hps":{"eps_E":0.4213321743847288,"tol":1.1325413151528127e-7,"eps_CL":0.7077010661181887,"K":26},"opt_time":57.145246804,"accuracy":0.46}