{"complete_time":71.48034987,"hps":{"eps_E":0.21395888713434222,"tol":0.05594325706169378,"eps_CL":0.9396648314954695,"K":76},"opt_time":71.480172668,"accuracy":0.49}