{"complete_time":1295.291764877,"hps":{"eps_E":9.72720319245054,"tol":5.711586478126447e-9,"eps_CL":40.983836717572615,"K":60},"opt_time":1295.291253448,"accuracy":0.53}