{"complete_time":306.967612563,"hps":{"eps_E":2.066880249629083,"tol":6.335804992658241e-6,"eps_CL":0.13369837418249467,"K":47},"opt_time":306.967332649,"accuracy":0.955}