{"complete_time":335.044408517,"hps":{"eps_E":0.08708431497690719,"tol":1.4526539259467812e-6,"eps_CL":4.546295469532399,"K":72},"opt_time":335.044086828,"accuracy":0.5}