{"complete_time":138.914368409,"hps":{"eps_E":5.366976945540476,"tol":0.003931828755705771,"eps_CL":0.1787525525904235,"K":46},"opt_time":138.914230855,"accuracy":0.79}