{"complete_time":10.253728732,"hps":{"eps_E":0.044529585099426554,"tol":0.000939664831495469,"eps_CL":1.1643031329208764,"K":37},"opt_time":10.253559726,"accuracy":0.525}