{"complete_time":19.04569782,"hps":{"eps_E":7.3259654282152304,"tol":5.8313051135262186e-9,"eps_CL":9.461848194722002,"K":9},"opt_time":19.045576496,"accuracy":0.555}