{"max_acc":0.9142857142857143,"best_params":[25,1.8632463119315608,0.49055837063650487,1.7148819698705374e-8]}