{"complete_time":476.33467515,"hps":{"eps_E":2.2148552337263605,"tol":0.00017148819698705392,"eps_CL":46.41588833612777,"K":47},"opt_time":476.334510217,"accuracy":0.8571428571428571}