{"complete_time":662.722137167,"hps":{"eps_E":0.18504070195423022,"tol":4.838209664925958e-10,"eps_CL":35.938136638046274,"K":35},"opt_time":662.722008686,"accuracy":0.7714285714285715}