{"complete_time":399.285077193,"hps":{"eps_E":0.22612800663372773,"tol":0.030024617090855493,"eps_CL":57.11586478126435,"K":12},"opt_time":399.284995823,"accuracy":0.8857142857142857}