{"complete_time":448.284639479,"hps":{"eps_E":0.012826498305280605,"tol":3.47168681892656e-8,"eps_CL":0.952750047242729,"K":34},"opt_time":448.284451856,"accuracy":0.8285714285714286}