{"complete_time":333.142903032,"hps":{"eps_E":1.0642092440647242,"tol":1.2052609368708414e-10,"eps_CL":0.21693835183851842,"K":94},"opt_time":333.142726106,"accuracy":0.8571428571428571}