{"complete_time":544.808684586,"hps":{"eps_E":2.8804441533962954,"tol":0.00012305240043592616,"eps_CL":0.4184288507901581,"K":47},"opt_time":544.808429893,"accuracy":0.6857142857142857}