{"complete_time":547.94959841,"hps":{"eps_E":0.6979813907830662,"tol":0.028213076759394707,"eps_CL":4.9055837063650465,"K":54},"opt_time":547.949474814,"accuracy":0.8285714285714286}