{"complete_time":384.54010779,"hps":{"eps_E":0.11483124145435106,"tol":2.1995930680300702e-10,"eps_CL":18.632463119315606,"K":25},"opt_time":384.539998967,"accuracy":0.8285714285714286}