{"complete_time":353.567461017,"hps":{"eps_E":0.7531420165974372,"tol":5.148867450137487e-8,"eps_CL":76.36298261282242,"K":75},"opt_time":353.567329958,"accuracy":0.7428571428571429}