{"complete_time":245.461363491,"hps":{"eps_E":0.019421746814890263,"tol":2.2927693128656489e-10,"eps_CL":17.875255259042344,"K":5},"opt_time":245.461283283,"accuracy":0.7714285714285715}