{"complete_time":688.691514594,"hps":{"eps_E":8.183006815867392,"tol":1.9828839491270672e-5,"eps_CL":78.50456200204509,"K":36},"opt_time":688.691417287,"accuracy":0.8285714285714286}