{"complete_time":504.575420907,"hps":{"eps_E":0.9331897715733236,"tol":5.831305113526219e-10,"eps_CL":1.7752080117176348,"K":25},"opt_time":504.575320919,"accuracy":0.8571428571428571}