{"complete_time":456.521109677,"hps":{"eps_E":0.06379766808606278,"tol":1.1562801312073753e-5,"eps_CL":0.774263682681127,"K":71},"opt_time":456.520869292,"accuracy":0.8571428571428571}