{"complete_time":475.519877799,"hps":{"eps_E":0.5184593543892911,"tol":0.028213076759394707,"eps_CL":0.5148867450137494,"K":15},"opt_time":475.519752026,"accuracy":0.7428571428571429}