{"complete_time":1022.785436332,"hps":{"eps_E":0.28605955351757434,"tol":9.014776314524917e-7,"eps_CL":0.17030650292528443,"K":5},"opt_time":1022.785346796,"accuracy":0.8}