{"complete_time":272.535875392,"hps":{"eps_E":0.3643858983763546,"tol":1.5783314056521132e-9,"eps_CL":25.609931002584595,"K":96},"opt_time":272.535584961,"accuracy":0.7714285714285715}