{"complete_time":407.569133541,"hps":{"eps_E":3.065395295056527,"tol":0.0008470868266557402,"eps_CL":0.4126820845702954,"K":74},"opt_time":407.5688828,"accuracy":0.8857142857142857}