{"complete_time":378.757904049,"hps":{"eps_E":8.183006815867392,"tol":2.389892566231053e-10,"eps_CL":0.4771760948938746,"K":88},"opt_time":378.757752056,"accuracy":0.6285714285714286}