{"complete_time":566.845246827,"hps":{"eps_E":1.3556017853293683,"tol":0.0010423606739764012,"eps_CL":17.875255259042344,"K":56},"opt_time":566.845096482,"accuracy":0.7714285714285715}