{"complete_time":361.727112204,"hps":{"eps_E":0.055943257061693806,"tol":0.009014776314524917,"eps_CL":1.9155005555735278,"K":24},"opt_time":361.726984613,"accuracy":0.7714285714285715}