{"complete_time":430.354431678,"hps":{"eps_E":5.99484250318941,"tol":1.422830457214352e-7,"eps_CL":0.4577840538376619,"K":26},"opt_time":430.354328271,"accuracy":0.8}