{"complete_time":480.758885615,"hps":{"eps_E":0.018632463119315597,"tol":5.594325706169378e-7,"eps_CL":36.69142378402494,"K":10},"opt_time":480.758733066,"accuracy":0.6857142857142857}