{"complete_time":394.825248531,"hps":{"eps_E":0.040701424532194365,"tol":3.002461709085549e-8,"eps_CL":0.12826498305280606,"K":7},"opt_time":394.825124332,"accuracy":0.6571428571428571}