{"complete_time":621.004708578,"hps":{"eps_E":4.391800892596087,"tol":0.09014776314524918,"eps_CL":1.3556017853293685,"K":38},"opt_time":621.004561653,"accuracy":0.8857142857142857}