{"complete_time":300.468383732,"hps":{"eps_E":6.836516004510239,"tol":0.00016796748720926532,"eps_CL":37.98215306190736,"K":26},"opt_time":300.468191393,"accuracy":0.9142857142857143}