{"complete_time":469.7323433,"hps":{"eps_E":0.08470868266557406,"tol":0.03330600343624589,"eps_CL":0.8708431497690722,"K":87},"opt_time":469.732151328,"accuracy":0.8285714285714286}