{"complete_time":571.582652438,"hps":{"eps_E":0.3239742629528196,"tol":0.05594325706169378,"eps_CL":3.2174181506763717,"K":32},"opt_time":571.582427439,"accuracy":0.8571428571428571}