{"complete_time":362.091418783,"hps":{"eps_E":0.8015006961565407,"tol":0.002880444153396298,"eps_CL":88.29699955494087,"K":80},"opt_time":362.091246176,"accuracy":0.8571428571428571}