{"complete_time":370.092438461,"hps":{"eps_E":0.06468607661546327,"tol":0.030024617090855493,"eps_CL":3.4957755743632735,"K":91},"opt_time":370.092069218,"accuracy":0.8571428571428571}