{"complete_time":455.645761402,"hps":{"eps_E":2.744343303228365,"tol":0.00013095350204826676,"eps_CL":0.11969557023590434,"K":44},"opt_time":455.645577229,"accuracy":0.9142857142857143}