{"complete_time":592.699676214,"hps":{"eps_E":0.23570694139967277,"tol":0.00045462954695323993,"eps_CL":28.40883690183304,"K":31},"opt_time":592.699576428,"accuracy":0.8}