{"complete_time":389.74581335,"hps":{"eps_E":9.461848194721997,"tol":1.7875255259042318e-5,"eps_CL":37.98215306190736,"K":90},"opt_time":389.74551735,"accuracy":0.8571428571428571}