{"complete_time":398.069362814,"hps":{"eps_E":0.14526539259467813,"tol":0.0013095350204826678,"eps_CL":74.79522515621821,"K":32},"opt_time":398.06921084,"accuracy":0.7714285714285715}