{"complete_time":376.881327728,"hps":{"eps_E":0.06424033659394195,"tol":3.2622220097116664e-7,"eps_CL":0.16681005372000587,"K":84},"opt_time":376.881146637,"accuracy":0.7428571428571429}