{"complete_time":646.169822343,"hps":{"eps_E":0.07225349491787214,"tol":0.00595353313081437,"eps_CL":9.461848194722002,"K":68},"opt_time":646.16968947,"accuracy":0.8285714285714286}