{"complete_time":256.78010114,"hps":{"eps_E":0.08015006961565405,"tol":7.028244264308338e-10,"eps_CL":11.403996019700324,"K":6},"opt_time":256.780009987,"accuracy":0.7714285714285715}