{"complete_time":565.308603747,"hps":{"eps_E":2.3570694139967285,"tol":1.2052609368708414e-10,"eps_CL":0.48382096649259554,"K":62},"opt_time":564.870364396,"accuracy":0.7142857142857143}