{"complete_time":425.978321213,"hps":{"eps_E":5.555776222398878,"tol":4.641588833612773e-6,"eps_CL":24.911300260677884,"K":11},"opt_time":425.978208663,"accuracy":0.7142857142857143}