{"complete_time":413.904035148,"hps":{"eps_E":1.8632463119315608,"tol":1.7148819698705374e-8,"eps_CL":0.49055837063650487,"K":25},"opt_time":413.903938361,"accuracy":0.9142857142857143}