{"complete_time":553.212419018,"hps":{"eps_E":1.6681005372000584,"tol":0.005148867450137497,"eps_CL":0.18504070195423017,"K":28,"num_fuzzy_steps":8},"opt_time":553.212268501,"accuracy":0.505}