{"complete_time":168.197130727,"hps":{"eps_E":0.07583677914997186,"tol":7.32596542821523e-5,"eps_CL":0.7531420165974374,"K":100,"num_fuzzy_steps":3},"opt_time":168.196906651,"accuracy":0.505}