{"complete_time":458.037313262,"hps":{"eps_E":0.27066520700332414,"tol":1.1325413151528103e-8,"eps_CL":2.139588871343422,"K":73,"num_fuzzy_steps":3},"opt_time":458.037118488,"accuracy":0.505}