{"complete_time":28.418653355,"hps":{"eps_E":0.02596655972934871,"tol":5.043159487171359e-5,"eps_CL":0.40983836717572625,"K":20,"num_fuzzy_steps":5},"opt_time":28.418519191,"accuracy":0.505}