{"complete_time":30.763923594,"hps":{"eps_E":0.011887076977119033,"tol":2.2456979955397717e-8,"eps_CL":17.75208011717634,"K":10,"num_fuzzy_steps":7},"opt_time":30.76379833,"accuracy":0.505}