{"complete_time":18.393252696,"hps":{"eps_E":0.027254325312810277,"tol":2.5433457613046483e-9,"eps_CL":1.4228304572143526,"K":11,"num_fuzzy_steps":4},"opt_time":18.393134408,"accuracy":0.505}