{"complete_time":412.232671552,"hps":{"eps_E":2.578762887593801,"tol":1.0209606623060454e-5,"eps_CL":17.50827031735725,"K":68,"num_fuzzy_steps":4},"opt_time":412.232292845,"accuracy":0.505}