{"complete_time":781.474288842,"hps":{"eps_E":0.24569164629827908,"tol":8.126619200091945e-6,"eps_CL":0.15037553212997382,"K":37,"num_fuzzy_steps":5},"opt_time":781.474162025,"accuracy":0.495}