{"complete_time":350.51007871,"hps":{"eps_E":9.72720319245054,"tol":5.711586478126447e-9,"eps_CL":40.983836717572615,"K":60,"num_fuzzy_steps":3},"opt_time":350.495635836,"accuracy":0.505}