{"complete_time":593.989841224,"hps":{"eps_E":0.05672228971644543,"tol":0.09593608287093142,"eps_CL":0.6248788072006892,"K":91,"num_fuzzy_steps":5},"opt_time":593.893948116,"accuracy":0.505}