{"complete_time":23.370779734,"hps":{"eps_E":0.8829699955494091,"tol":0.00016451905877536607,"eps_CL":4.0983836717572615,"K":8,"num_fuzzy_steps":6},"opt_time":23.370663178,"accuracy":0.505}