{"complete_time":3096.370311463,"hps":{"eps_E":0.4905583706365047,"tol":0.05594325706169378,"eps_CL":0.10568759711848043,"K":99,"num_fuzzy_steps":3},"opt_time":3096.370089571,"accuracy":0.495}