{"complete_time":1058.150732405,"hps":{"eps_E":0.9660174799522643,"tol":0.00017148819698705392,"eps_CL":0.13556017853293686,"K":66,"num_fuzzy_steps":5},"opt_time":1058.150553427,"accuracy":0.495}