{"complete_time":966.870104498,"hps":{"eps_E":0.13369837418249464,"tol":0.0070282442643083524,"eps_CL":13.005112521734086,"K":90,"num_fuzzy_steps":8},"opt_time":966.86987172,"accuracy":0.505}