{"complete_time":518.227122287,"hps":{"eps_E":1.8891927762076663,"tol":5.594325706169366e-9,"eps_CL":3.424006137971425,"K":73,"num_fuzzy_steps":4},"opt_time":518.226920674,"accuracy":0.505}