{"complete_time":53.900247862,"hps":{"eps_E":0.029004304938639917,"tol":1.679674872092653e-8,"eps_CL":21.102034285685942,"K":23,"num_fuzzy_steps":8},"opt_time":53.900104608,"accuracy":0.505}