{"complete_time":225.592979522,"hps":{"eps_E":0.5293266058360563,"tol":0.0024911300260677884,"eps_CL":4.7062248498412815,"K":90,"num_fuzzy_steps":5},"opt_time":225.592775901,"accuracy":0.505}