{"complete_time":510.683107066,"hps":{"eps_E":0.4213321743847288,"tol":4.54629546953239e-9,"eps_CL":4.483855948021189,"K":93,"num_fuzzy_steps":4},"opt_time":510.682865616,"accuracy":0.505}