{"complete_time":527.227452684,"hps":{"eps_E":0.5831305113526221,"tol":0.000259665597293487,"eps_CL":0.13936192742241427,"K":27,"num_fuzzy_steps":3},"opt_time":527.227303839,"accuracy":0.495}