{"complete_time":749.129327586,"hps":{"eps_E":2.508415059277539,"tol":2.491130026067786e-8,"eps_CL":0.9461848194721999,"K":67,"num_fuzzy_steps":7},"opt_time":749.129112991,"accuracy":0.505}