{"complete_time":255.338942114,"hps":{"eps_E":0.5220567527846975,"tol":0.08648423275731722,"eps_CL":4.0983836717572615,"K":66,"num_fuzzy_steps":6},"opt_time":255.338748316,"accuracy":0.505}