{"complete_time":566.684058421,"hps":{"eps_E":0.1265033720395904,"tol":0.050431594871713586,"eps_CL":2.614673211801092,"K":89,"num_fuzzy_steps":5},"opt_time":566.683861118,"accuracy":0.505}