{"complete_time":173.461428408,"hps":{"eps_E":0.0326222200971167,"tol":4.641588833612782e-7,"eps_CL":52.205675278469755,"K":98,"num_fuzzy_steps":3},"opt_time":173.461210099,"accuracy":0.505}