{"complete_time":15.64416694,"hps":{"eps_E":0.2010496416260498,"tol":0.017508270317357244,"eps_CL":53.66976945540476,"K":17,"num_fuzzy_steps":3},"opt_time":15.644003827,"accuracy":0.505}