{"complete_time":300.189700262,"hps":{"eps_E":0.029817722900196717,"tol":2.0244465099768016e-5,"eps_CL":2.010496416260498,"K":74,"num_fuzzy_steps":4},"opt_time":300.189501533,"accuracy":0.505}