{"complete_time":182.111813745,"hps":{"eps_E":0.06558685659571435,"tol":5.148867450137487e-6,"eps_CL":0.6513490946272803,"K":69,"num_fuzzy_steps":5},"opt_time":182.111606668,"accuracy":0.505}