{"complete_time":24.722316119,"hps":{"eps_E":0.023408272761782933,"tol":1.1325413151528126e-9,"eps_CL":63.358049926582545,"K":30,"num_fuzzy_steps":3},"opt_time":24.722188102,"accuracy":0.505}