{"complete_time":51.84212127,"hps":{"eps_E":0.11643031329208765,"tol":0.0001,"eps_CL":0.4738879609717654,"K":25,"num_fuzzy_steps":8},"opt_time":51.841985092,"accuracy":0.495}