{"complete_time":113.991264293,"hps":{"eps_E":0.9077326525210223,"tol":1.5783314056521166e-6,"eps_CL":0.14526539259467808,"K":9,"num_fuzzy_steps":5},"opt_time":113.991154368,"accuracy":0.505}