{"complete_time":210.89735576,"hps":{"eps_E":1.3650078065460134,"tol":5.594325706169378e-7,"eps_CL":36.69142378402494,"K":87,"num_fuzzy_steps":4},"opt_time":210.89713738,"accuracy":0.505}