{"complete_time":196.446745288,"hps":{"eps_E":0.047388796097176535,"tol":0.0002821307675939471,"eps_CL":4.213321743847288,"K":44,"num_fuzzy_steps":6},"opt_time":196.446584568,"accuracy":0.505}