{"complete_time":41.768521206,"hps":{"eps_E":5.791122647641759,"tol":4.0142424904993095e-9,"eps_CL":14.728827239075033,"K":20,"num_fuzzy_steps":7},"opt_time":41.768398189,"accuracy":0.505}