{"complete_time":168.425382992,"hps":{"eps_E":1.3005112521734088,"tol":1.0642092440647247e-6,"eps_CL":0.8708431497690722,"K":7,"num_fuzzy_steps":6},"opt_time":168.425251477,"accuracy":0.505}