{"complete_time":30.903329279,"hps":{"eps_E":0.03694601205199304,"tol":8.648423275731709e-9,"eps_CL":3.108082173869064,"K":13,"num_fuzzy_steps":6},"opt_time":30.90318776,"accuracy":0.505}