{"complete_time":627.825568866,"hps":{"eps_E":0.031080821738690638,"tol":1.0e-9,"eps_CL":59.12508413831881,"K":52,"num_fuzzy_steps":7},"opt_time":627.825406426,"accuracy":0.505}