{"complete_time":335.044177868,"hps":{"eps_E":0.018761746914391215,"tol":9.014776314524917e-6,"eps_CL":19.28791508020779,"K":55,"num_fuzzy_steps":6},"opt_time":335.0439955,"accuracy":0.505}