{"complete_time":315.843316854,"hps":{"eps_E":0.047388796097176535,"tol":6.205728806776488e-10,"eps_CL":0.3044272212064303,"K":15,"num_fuzzy_steps":6},"opt_time":315.843144512,"accuracy":0.505}