{"complete_time":476.15135659,"hps":{"eps_E":0.07850456200204506,"tol":0.0015459277364194785,"eps_CL":1.4327029534098306,"K":100,"num_fuzzy_steps":4},"opt_time":476.151112498,"accuracy":0.505}