{"complete_time":738.361462402,"hps":{"eps_E":0.48048704396551317,"tol":1.422830457214352e-7,"eps_CL":19.02301188668944,"K":77,"num_fuzzy_steps":7},"opt_time":738.361261818,"accuracy":0.505}