{"complete_time":273.644961908,"hps":{"eps_E":0.12476595526308694,"tol":0.0030024617090855495,"eps_CL":10.715933998226712,"K":65,"num_fuzzy_steps":5},"opt_time":273.644795748,"accuracy":0.505}