{"complete_time":36.567845793,"hps":{"eps_E":0.047717609489387455,"tol":3.40041193270371e-5,"eps_CL":0.6205728806776503,"K":29,"num_fuzzy_steps":5},"opt_time":36.567650475,"accuracy":0.505}