{"complete_time":890.119652928,"hps":{"eps_E":0.6696160054853222,"tol":4.0983836717572616e-8,"eps_CL":14.831025143361044,"K":94,"num_fuzzy_steps":7},"opt_time":890.119428591,"accuracy":0.505}