{"complete_time":329.096153822,"hps":{"eps_E":0.07531420165974376,"tol":0.004738879609717656,"eps_CL":0.3772042493416998,"K":49,"num_fuzzy_steps":5},"opt_time":329.095977479,"accuracy":0.505}