{"complete_time":9701.83176889,"hps":{"eps_E":0.4673795107992462,"tol":0.034716868189265594,"eps_CL":9.461848194722002,"K":5,"num_fuzzy_steps":8},"opt_time":9701.83164253,"accuracy":0.505}