{"max_acc":0.575,"best_params":[50,3,23.086779941871697,1.0209606623060456e-6]}