{"complete_time":0.096521039,"hps":{"tol":0.07028244264308349,"eps_CL":0.25258200269627845,"G":1,"K":33},"opt_time":0.096294505,"accuracy":0.565}