{"complete_time":0.718336062,"hps":{"tol":1.61141427725302e-6,"eps_CL":10.423606739764022,"G":1,"K":33},"opt_time":0.718180434,"accuracy":0.525}