{"complete_time":1.781347768,"hps":{"tol":3.129648010670757e-7,"eps_CL":1.4228304572143526,"G":3,"K":89},"opt_time":1.781112595,"accuracy":0.52}