{"complete_time":0.076098312,"hps":{"tol":5.711586478126424e-10,"eps_CL":18.632463119315606,"G":2,"K":6},"opt_time":0.075925402,"accuracy":0.465}