{"complete_time":0.251534259,"hps":{"tol":0.0021102034285685966,"eps_CL":7.325965428215229,"G":2,"K":26},"opt_time":0.251373432,"accuracy":0.57}