{"complete_time":0.645764916,"hps":{"tol":0.041842885079015825,"eps_CL":16.22595287078088,"G":3,"K":71},"opt_time":0.645416845,"accuracy":0.49}