{"complete_time":0.227159958,"hps":{"tol":4.641588833612782e-7,"eps_CL":57.91122647641758,"G":2,"K":13},"opt_time":0.226979854,"accuracy":0.525}