{"complete_time":0.441584847,"hps":{"tol":1.2563166024741189e-6,"eps_CL":19.02301188668944,"G":2,"K":29},"opt_time":0.441354578,"accuracy":0.525}