{"complete_time":0.697550972,"hps":{"tol":1.0209606623060456e-6,"eps_CL":23.086779941871697,"G":3,"K":50},"opt_time":0.697363492,"accuracy":0.575}