{"complete_time":1.036663731,"hps":{"tol":5.148867450137487e-10,"eps_CL":0.3044272212064303,"G":3,"K":23},"opt_time":1.036504144,"accuracy":0.45}