{"complete_time":0.598276744,"hps":{"tol":0.0027066520700332413,"eps_CL":0.3108082173869064,"G":3,"K":51},"opt_time":0.598083978,"accuracy":0.52}