{"complete_time":1.370683636,"hps":{"tol":2.3408272761782944e-9,"eps_CL":1.738762400216251,"G":1,"K":43},"opt_time":1.370492222,"accuracy":0.525}