{"complete_time":0.51881975,"hps":{"tol":0.0005256791122018419,"eps_CL":0.21102034285685956,"G":2,"K":37},"opt_time":0.518654545,"accuracy":0.47}