{"complete_time":3.09015835,"hps":{"tol":8.126619200091962e-8,"eps_CL":1.1805165285688053,"G":2,"K":78},"opt_time":3.089932989,"accuracy":0.535}