{"complete_time":0.828023291,"hps":{"tol":6.468607661546321e-9,"eps_CL":0.1300511252173409,"G":2,"K":40},"opt_time":0.827816802,"accuracy":0.525}