{"complete_time":0.217259748,"hps":{"tol":0.008829699955494092,"eps_CL":19.28791508020779,"G":3,"K":27},"opt_time":0.217093538,"accuracy":0.445}