{"complete_time":2.63773641,"hps":{"tol":1.0209606623060454e-5,"eps_CL":1.0715933998226708,"G":1,"K":75},"opt_time":2.637553229,"accuracy":0.535}