{"complete_time":3.456029744,"hps":{"tol":3.6946012051993024e-6,"eps_CL":0.6162966255132941,"G":3,"K":26},"opt_time":3.302949067,"accuracy":0.53}