{"complete_time":0.104137114,"hps":{"tol":0.00010423606739764012,"eps_CL":11.403996019700324,"G":2,"K":11},"opt_time":0.103987117,"accuracy":0.54}