{"complete_time":0.969661688,"hps":{"tol":0.0005831305113526219,"eps_CL":8.126619200091943,"G":2,"K":79},"opt_time":0.969452669,"accuracy":0.545}