{"complete_time":2.302566676,"hps":{"tol":4.6415888336127727e-10,"eps_CL":13.556017853293682,"G":1,"K":80},"opt_time":2.302334651,"accuracy":0.53}