{"complete_time":6.020783033,"hps":{"tol":1.3936192742241406e-5,"eps_CL":0.1,"G":3,"K":65},"opt_time":6.020581209,"accuracy":0.46}