{"complete_time":0.121945737,"hps":{"tol":1.1092898648952227e-8,"eps_CL":45.778405383766184,"G":2,"K":15},"opt_time":0.121798463,"accuracy":0.515}