{"complete_time":1.154577043,"hps":{"tol":8.648423275731727e-5,"eps_CL":0.6162966255132941,"G":1,"K":17},"opt_time":1.154434439,"accuracy":0.56}