{"complete_time":2.388786658,"hps":{"tol":2.651083601908536e-7,"eps_CL":37.46050032748993,"G":2,"K":87},"opt_time":2.388579862,"accuracy":0.55}