{"complete_time":0.453488909,"hps":{"tol":1.0865157746525373e-5,"eps_CL":3.002461709085549,"G":1,"K":16},"opt_time":0.453304769,"accuracy":0.545}