{"complete_time":2.639980011,"hps":{"tol":1.8249932448161504e-10,"eps_CL":90.14776314524917,"G":1,"K":96},"opt_time":2.639703637,"accuracy":0.565}