{"complete_time":0.204653334,"hps":{"tol":0.06742622241778343,"eps_CL":28.018665564591952,"G":1,"K":59},"opt_time":0.204484326,"accuracy":0.54}