{"complete_time":0.212081241,"hps":{"tol":0.000326222200971167,"eps_CL":9.140310748756232,"G":2,"K":12},"opt_time":0.211929663,"accuracy":0.495}