{"complete_time":0.556187487,"hps":{"tol":0.0007959777002314978,"eps_CL":7.531420165974372,"G":3,"K":43},"opt_time":0.555921316,"accuracy":0.505}