{"complete_time":0.273461003,"hps":{"tol":2.0668802496290863e-7,"eps_CL":3.85110700232557,"G":2,"K":20},"opt_time":0.273319316,"accuracy":0.46}