{"complete_time":2.352657333,"hps":{"tol":2.2927693128656486e-6,"eps_CL":0.24739641008868135,"G":2,"K":83},"opt_time":2.352453053,"accuracy":0.51}