{"complete_time":1.919201684,"hps":{"tol":1.9421746814890284e-10,"eps_CL":0.21995930680300743,"G":1,"K":76},"opt_time":1.919030464,"accuracy":0.48}