{"complete_time":0.922889694,"hps":{"tol":8.648423275731709e-9,"eps_CL":0.6205728806776503,"G":1,"K":27},"opt_time":0.92274867,"accuracy":0.565}