{"complete_time":2.293995936,"hps":{"tol":1.9421746814890284e-10,"eps_CL":2.801866556459195,"G":1,"K":47},"opt_time":2.293807706,"accuracy":0.53}