{"complete_time":1.095310949,"hps":{"tol":3.1296480106707505e-6,"eps_CL":29.817722900196703,"G":1,"K":58},"opt_time":1.09513971,"accuracy":0.565}