{"complete_time":0.602627012,"hps":{"tol":2.389892566231048e-7,"eps_CL":12.738113231864785,"G":1,"K":19},"opt_time":0.602487207,"accuracy":0.565}