{"complete_time":1.606651585,"hps":{"tol":2.43998629725955e-6,"eps_CL":1.6225952870780875,"G":3,"K":86},"opt_time":1.606451344,"accuracy":0.535}