{"complete_time":0.579029636,"hps":{"tol":2.880444153396292e-8,"eps_CL":0.14526539259467808,"G":1,"K":21},"opt_time":0.578874006,"accuracy":0.56}