{"complete_time":1.675934634,"hps":{"tol":5.711586478126424e-10,"eps_CL":67.89406812696113,"G":1,"K":54},"opt_time":1.675767317,"accuracy":0.535}