{"complete_time":2.636449149,"hps":{"tol":6.742622241778335e-7,"eps_CL":5.994842503189409,"G":2,"K":97},"opt_time":2.636230632,"accuracy":0.5}