{"complete_time":3.534023645,"hps":{"tol":5.831305113526231e-7,"eps_CL":3.5690493456752295,"G":1,"K":91},"opt_time":3.533768702,"accuracy":0.545}