{"complete_time":1.44340873,"hps":{"tol":1.4526539259467783e-5,"eps_CL":93.9664831495469,"G":1,"K":38},"opt_time":1.443253009,"accuracy":0.525}