{"complete_time":2.004568311,"hps":{"tol":7.325965428215246e-8,"eps_CL":0.9862658461312823,"G":1,"K":96},"opt_time":2.004161514,"accuracy":0.53}