{"complete_time":2.808681856,"hps":{"tol":9.203731996618211e-6,"eps_CL":55.94325706169378,"G":2,"K":98},"opt_time":2.808467605,"accuracy":0.42}