{"complete_time":0.144140934,"hps":{"tol":0.008296958520834907,"eps_CL":40.983836717572615,"G":1,"K":19},"opt_time":0.14399952,"accuracy":0.535}