{"complete_time":1.48755176,"hps":{"tol":4.2719939663067854e-7,"eps_CL":34.47764054734464,"G":2,"K":95},"opt_time":1.487334533,"accuracy":0.515}