{"complete_time":3.669325838,"hps":{"tol":1.0209606623060454e-5,"eps_CL":3.7720424934169996,"G":2,"K":93},"opt_time":3.669129649,"accuracy":0.53}