{"complete_time":0.145072064,"hps":{"tol":2.1102034285685923e-8,"eps_CL":0.2614673211801092,"G":1,"K":9},"opt_time":0.144933001,"accuracy":0.55}