{"complete_time":1.06066646,"hps":{"tol":1.514189325304352e-5,"eps_CL":4.609604486828435,"G":3,"K":57},"opt_time":1.06046174,"accuracy":0.48}