{"max_acc":1.0,"best_params":[195,0.3108082173869064,55.94325706169378,9.203731996618211e-6]}