{"complete_time":1.727012166,"hps":{"eps_E":0.9396648314954698,"tol":2.2927693128656486e-6,"eps_CL":0.24739641008868135,"K":164},"opt_time":1.726786478,"accuracy":0.99}