{"complete_time":1.165833665,"hps":{"eps_E":6.931717276155404,"tol":5.148867450137487e-10,"eps_CL":0.3044272212064303,"K":43},"opt_time":1.16569681,"accuracy":0.64}