{"complete_time":0.417092907,"hps":{"eps_E":0.7175560918936928,"tol":0.0021102034285685966,"eps_CL":7.325965428215229,"K":48},"opt_time":0.416989788,"accuracy":0.995}