{"complete_time":1.245219158,"hps":{"eps_E":0.8768856094587426,"tol":2.0668802496290863e-7,"eps_CL":3.85110700232557,"K":36},"opt_time":1.245116436,"accuracy":0.995}