{"complete_time":1.578799306,"hps":{"eps_E":0.025258200269627846,"tol":1.61141427725302e-6,"eps_CL":10.423606739764022,"K":62},"opt_time":1.578662972,"accuracy":0.865}