{"complete_time":1.177863905,"hps":{"eps_E":5.99484250318941,"tol":0.0027066520700332413,"eps_CL":0.3108082173869064,"K":99},"opt_time":1.177679153,"accuracy":0.52}