{"complete_time":1.441776564,"hps":{"eps_E":0.013277708293554298,"tol":3.1296480106707505e-6,"eps_CL":29.817722900196703,"K":113},"opt_time":1.441589453,"accuracy":0.885}