{"complete_time":9.24854403,"hps":{"eps_E":4.905583706365048,"tol":3.6946012051993024e-6,"eps_CL":0.6162966255132941,"K":47},"opt_time":9.180593114,"accuracy":0.71}