{"complete_time":0.968260767,"hps":{"eps_E":0.013936192742241428,"tol":8.648423275731727e-5,"eps_CL":0.6162966255132941,"K":29},"opt_time":0.968150716,"accuracy":0.85}