{"complete_time":2.19954596,"hps":{"eps_E":0.227697025538168,"tol":6.742622241778335e-7,"eps_CL":5.994842503189409,"K":193},"opt_time":2.198877289,"accuracy":1.0}