{"complete_time":2.066369296,"hps":{"eps_E":0.2543345761304649,"tol":2.651083601908536e-7,"eps_CL":37.46050032748993,"K":173},"opt_time":2.066175179,"accuracy":0.995}