{"complete_time":0.3903311,"hps":{"eps_E":4.098383671757262,"tol":0.008829699955494092,"eps_CL":19.28791508020779,"K":51},"opt_time":0.390208269,"accuracy":1.0}