{"complete_time":0.932148697,"hps":{"eps_E":0.5871766390733257,"tol":4.641588833612782e-7,"eps_CL":57.91122647641758,"K":21},"opt_time":0.932047346,"accuracy":1.0}