{"complete_time":1.565034331,"hps":{"eps_E":0.6162966255132941,"tol":1.0209606623060454e-5,"eps_CL":3.7720424934169996,"K":185},"opt_time":1.564792235,"accuracy":1.0}