{"complete_time":6.467649723,"hps":{"eps_E":0.014426439512181581,"tol":1.9421746814890284e-10,"eps_CL":0.21995930680300743,"K":151},"opt_time":6.467450457,"accuracy":1.0}