{"complete_time":1.948482998,"hps":{"eps_E":0.044222739805058996,"tol":5.711586478126424e-10,"eps_CL":67.89406812696113,"K":106},"opt_time":1.948300897,"accuracy":0.995}