{"complete_time":1.147782203,"hps":{"eps_E":0.14728827239075026,"tol":1.2563166024741189e-6,"eps_CL":19.02301188668944,"K":55},"opt_time":1.147627152,"accuracy":0.985}