{"complete_time":0.766341177,"hps":{"eps_E":0.1086515774652538,"tol":0.0005831305113526219,"eps_CL":8.126619200091943,"K":158},"opt_time":0.766078104,"accuracy":1.0}