{"complete_time":1.863360145,"hps":{"eps_E":1.172381803286599,"tol":0.041842885079015825,"eps_CL":16.22595287078088,"K":140},"opt_time":1.863141988,"accuracy":0.88}