{"complete_time":2.247531242,"hps":{"eps_E":0.15141893253043523,"tol":8.126619200091962e-8,"eps_CL":1.1805165285688053,"K":154},"opt_time":2.247334767,"accuracy":0.995}