{"complete_time":4.599405445,"hps":{"eps_E":0.014032890847858725,"tol":7.325965428215246e-8,"eps_CL":0.9862658461312823,"K":191},"opt_time":4.599152483,"accuracy":1.0}