{"complete_time":2.00112321,"hps":{"eps_E":0.6883952069645496,"tol":4.2719939663067854e-7,"eps_CL":34.47764054734464,"K":189},"opt_time":2.000873774,"accuracy":1.0}