{"complete_time":1.071553146,"hps":{"eps_E":0.050431594871713614,"tol":2.1102034285685923e-8,"eps_CL":0.2614673211801092,"K":14},"opt_time":1.071408276,"accuracy":0.895}