{"complete_time":3.649495832,"hps":{"eps_E":0.020384933982524632,"tol":5.831305113526231e-7,"eps_CL":3.5690493456752295,"K":181},"opt_time":3.649246447,"accuracy":1.0}