{"complete_time":1.145370536,"hps":{"eps_E":0.010790287915161841,"tol":1.0865157746525373e-5,"eps_CL":3.002461709085549,"K":29},"opt_time":1.145267972,"accuracy":0.845}