{"complete_time":1.197968886,"hps":{"eps_E":0.04271993966306779,"tol":1.0209606623060454e-5,"eps_CL":1.0715933998226708,"K":149},"opt_time":1.197787307,"accuracy":1.0}