{"complete_time":1.609020599,"hps":{"eps_E":0.014526539259467812,"tol":1.9421746814890284e-10,"eps_CL":2.801866556459195,"K":92},"opt_time":1.608836319,"accuracy":0.875}