{"complete_time":1.105247411,"hps":{"eps_E":0.028213076759394707,"tol":2.880444153396292e-8,"eps_CL":0.14526539259467808,"K":37},"opt_time":1.105128037,"accuracy":0.91}