{"complete_time":0.539442645,"hps":{"eps_E":0.37982153061907353,"tol":0.0005256791122018419,"eps_CL":0.21102034285685956,"K":72},"opt_time":0.539303835,"accuracy":0.99}