{"complete_time":2.328371943,"hps":{"eps_E":0.027254325312810277,"tol":4.6415888336127727e-10,"eps_CL":13.556017853293682,"K":159},"opt_time":2.328209792,"accuracy":1.0}