{"complete_time":0.999587094,"hps":{"eps_E":0.24569164629827908,"tol":1.1092898648952227e-8,"eps_CL":45.778405383766184,"K":25},"opt_time":0.999471353,"accuracy":0.995}