{"complete_time":2.026968642,"hps":{"eps_E":2.9205555121827467,"tol":2.43998629725955e-6,"eps_CL":1.6225952870780875,"K":171},"opt_time":2.02676922,"accuracy":0.935}