{"complete_time":0.481134252,"hps":{"eps_E":0.1086515774652538,"tol":0.00010423606739764012,"eps_CL":11.403996019700324,"K":18},"opt_time":0.481043036,"accuracy":1.0}