{"complete_time":1.77431205,"hps":{"eps_E":0.3108082173869064,"tol":9.203731996618211e-6,"eps_CL":55.94325706169378,"K":195},"opt_time":1.774036097,"accuracy":1.0}