{"complete_time":1.88741372,"hps":{"eps_E":8.529644499741021,"tol":1.514189325304352e-5,"eps_CL":4.609604486828435,"K":111},"opt_time":1.887266959,"accuracy":0.46}