{"complete_time":4.445314518,"hps":{"eps_E":0.020384933982524632,"tol":1.8249932448161504e-10,"eps_CL":90.14776314524917,"K":191},"opt_time":4.445031985,"accuracy":0.995}