{"complete_time":1.870943709,"hps":{"eps_E":0.035444556739704335,"tol":2.3408272761782944e-9,"eps_CL":1.738762400216251,"K":83},"opt_time":1.870769257,"accuracy":0.995}