{"complete_time":3.300640049,"hps":{"eps_E":3.5690493456752304,"tol":3.129648010670757e-7,"eps_CL":1.4228304572143526,"K":177},"opt_time":3.300401348,"accuracy":0.6}