{"complete_time":1.30275038,"hps":{"eps_E":0.020244465099768037,"tol":2.389892566231048e-7,"eps_CL":12.738113231864785,"K":33},"opt_time":1.302583944,"accuracy":0.92}