{"complete_time":1.29760513,"hps":{"eps_E":0.05871766390733255,"tol":1.4526539259467783e-5,"eps_CL":93.9664831495469,"K":74},"opt_time":1.29745488,"accuracy":1.0}