{"complete_time":1.111682937,"hps":{"eps_E":0.06836516004510235,"tol":8.648423275731709e-9,"eps_CL":0.6205728806776503,"K":51},"opt_time":1.111557281,"accuracy":0.995}