{"complete_time":0.384480775,"hps":{"eps_E":0.09140310748756232,"tol":0.07028244264308349,"eps_CL":0.25258200269627845,"K":63},"opt_time":0.384345197,"accuracy":0.99}