{"complete_time":1.443713032,"hps":{"eps_E":0.6696160054853222,"tol":6.468607661546321e-9,"eps_CL":0.1300511252173409,"K":77},"opt_time":1.443550324,"accuracy":0.995}