{"complete_time":1.550582322,"hps":{"eps_E":0.017752080117176352,"tol":0.008296958520834907,"eps_CL":40.983836717572615,"K":34},"opt_time":1.550465256,"accuracy":0.915}