{"complete_time":1.124945755,"hps":{"eps_E":7.225349491787212,"tol":0.0007959777002314978,"eps_CL":7.531420165974372,"K":83},"opt_time":1.124782306,"accuracy":0.78}