{"complete_time":10.245317113,"hps":{"eps_E":2.3570694139967285,"tol":1.2052609368708414e-10,"eps_CL":0.48382096649259554,"K":62,"num_fuzzy_steps":7},"opt_time":9.750379431,"accuracy":0.5714285714285714}