{"max_acc":1.0,"best_params":[80,0.16796748720926535,0.250841505927754,1.7508270317357234e-6]}