{"complete_time":0.036799529,"hps":{"eps_E":0.4070142453219438,"tol":7.959777002314978e-5,"eps_CL":2.4911300260677893,"K":70},"opt_time":0.036750118,"accuracy":0.55}