{"complete_time":0.00351373,"hps":{"eps_E":0.029205555121827452,"tol":2.651083601908536e-7,"eps_CL":2.406475150015425,"K":70},"opt_time":0.003463933,"accuracy":0.8}