{"complete_time":0.006010722,"hps":{"eps_E":0.3086664943337274,"tol":0.0013650078065460137,"eps_CL":53.29994080844093,"K":36},"opt_time":0.005936282,"accuracy":0.9}