{"complete_time":0.000688959,"hps":{"eps_E":0.017999285067824763,"tol":3.195247505759207e-5,"eps_CL":0.34957755743632746,"K":10},"opt_time":0.000638639,"accuracy":0.45}