{"complete_time":0.029441172,"hps":{"eps_E":1.3005112521734088,"tol":3.4004119327037025e-8,"eps_CL":5.594325706169378,"K":37},"opt_time":0.029377461,"accuracy":0.65}