{"complete_time":0.001918279,"hps":{"eps_E":0.0390473523688556,"tol":3.40041193270371e-5,"eps_CL":0.385110700232557,"K":35},"opt_time":0.001873457,"accuracy":0.5}