{"complete_time":0.002051577,"hps":{"eps_E":0.04838209664925955,"tol":2.024446509976802e-8,"eps_CL":73.7679760252773,"K":39},"opt_time":0.001988,"accuracy":0.45}