{"complete_time":0.052712812,"hps":{"eps_E":2.669478494034321,"tol":1.0e-9,"eps_CL":2.801866556459195,"K":61},"opt_time":0.052637586,"accuracy":0.55}