{"complete_time":0.009271899,"hps":{"eps_E":6.74262224177834,"tol":2.43998629725955e-6,"eps_CL":4.804870439655131,"K":17},"opt_time":0.009246876,"accuracy":0.6}