{"complete_time":0.000959876,"hps":{"eps_E":0.07275483529196232,"tol":0.0016114142772530198,"eps_CL":0.6335804992658253,"K":10},"opt_time":0.000910578,"accuracy":0.75}