{"complete_time":0.004806234,"hps":{"eps_E":0.33306003436245885,"tol":0.0003544455673970432,"eps_CL":1.0568759711848041,"K":45},"opt_time":0.004739781,"accuracy":0.85}