{"complete_time":0.010441203,"hps":{"eps_E":2.081221569986339,"tol":1.9023011886689418e-5,"eps_CL":1.9023011886689443,"K":8},"opt_time":0.010395523,"accuracy":0.9}