{"complete_time":0.002736032,"hps":{"eps_E":0.011325413151528121,"tol":2.5433457613046537e-7,"eps_CL":49.05583706365048,"K":52},"opt_time":0.002660569,"accuracy":0.6}