{"complete_time":0.007557951,"hps":{"eps_E":0.9140310748756232,"tol":0.07175560918936924,"eps_CL":0.3217418150676371,"K":23},"opt_time":0.007523947,"accuracy":1.0}