{"complete_time":0.021991474,"hps":{"eps_E":0.6248788072006894,"tol":1.6796748720926532e-5,"eps_CL":2.543345761304649,"K":79},"opt_time":0.021945809,"accuracy":0.35}