{"complete_time":0.002562892,"hps":{"eps_E":0.05256791122018422,"tol":0.00276338529005317,"eps_CL":0.49055837063650487,"K":50},"opt_time":0.002509865,"accuracy":0.75}