{"complete_time":0.011442259,"hps":{"eps_E":0.34957755743632735,"tol":0.02543345761304648,"eps_CL":1.7267809038843556,"K":72},"opt_time":0.011365379,"accuracy":1.0}