{"complete_time":0.002342199,"hps":{"eps_E":0.10280447320933098,"tol":1.2305240043592616e-8,"eps_CL":0.6120498372476698,"K":21},"opt_time":0.002306971,"accuracy":0.85}