{"complete_time":0.025110389,"hps":{"eps_E":0.9862658461312823,"tol":0.0009203731996618221,"eps_CL":14.130259905995336,"K":65},"opt_time":0.025045044,"accuracy":0.55}