{"complete_time":0.026128711,"hps":{"eps_E":1.8891927762076663,"tol":1.1092898648952228e-10,"eps_CL":63.79766808606282,"K":63},"opt_time":0.026082541,"accuracy":0.45}