{"complete_time":0.004289903,"hps":{"eps_E":0.0823978568452852,"tol":2.4399862972595453e-7,"eps_CL":98.62658461312826,"K":43},"opt_time":0.004225292,"accuracy":0.75}