{"complete_time":0.031486165,"hps":{"eps_E":1.3186214013947481,"tol":1.4526539259467783e-10,"eps_CL":0.7689283720758311,"K":51},"opt_time":0.031459001,"accuracy":0.65}