{"complete_time":0.01514867,"hps":{"eps_E":3.173229634734976,"tol":1.1325413151528103e-5,"eps_CL":3.3769803108250898,"K":35},"opt_time":0.015104156,"accuracy":0.7}