{"complete_time":0.006494014,"hps":{"eps_E":8.239785684528515,"tol":0.0019023011886689458,"eps_CL":0.16338538778098613,"K":24},"opt_time":0.006455114,"accuracy":0.6}