{"max_acc":0.75,"best_params":[35,2,0.385110700232557,3.40041193270371e-5]}