{"complete_time":0.059800145,"hps":{"tol":1.9023011886689418e-5,"eps_CL":1.9023011886689443,"G":7,"K":8},"opt_time":0.059714567,"accuracy":0.45}