{"complete_time":0.454936776,"hps":{"tol":2.0668802496290822e-10,"eps_CL":3.8778284145894553,"G":8,"K":36},"opt_time":0.454850552,"accuracy":0.35}