{"complete_time":0.173579909,"hps":{"tol":0.000595353313081437,"eps_CL":1.7508270317357242,"G":3,"K":65},"opt_time":0.173462545,"accuracy":0.25}