{"complete_time":0.028253277,"hps":{"tol":3.694601205199295e-10,"eps_CL":3.4716868189265604,"G":8,"K":12},"opt_time":0.028165746,"accuracy":0.5}