{"complete_time":0.045724431,"hps":{"tol":3.3306003436245817e-7,"eps_CL":2.2927693128656492,"G":2,"K":31},"opt_time":0.045654102,"accuracy":0.55}