{"complete_time":0.891175933,"hps":{"tol":1.1092898648952228e-10,"eps_CL":63.79766808606282,"G":7,"K":63},"opt_time":0.891074367,"accuracy":0.35}