{"complete_time":0.101265768,"hps":{"tol":2.651083601908536e-7,"eps_CL":2.406475150015425,"G":2,"K":70},"opt_time":0.101197209,"accuracy":0.55}