{"complete_time":0.906701506,"hps":{"tol":1.0e-9,"eps_CL":2.801866556459195,"G":8,"K":61},"opt_time":0.906555184,"accuracy":0.35}