{"complete_time":0.111984543,"hps":{"tol":0.0005711586478126435,"eps_CL":0.243998629725955,"G":6,"K":64},"opt_time":0.11188369,"accuracy":0.45}