{"complete_time":0.020105135,"hps":{"tol":2.3408272761782944e-6,"eps_CL":16.003103137387,"G":4,"K":23},"opt_time":0.020029498,"accuracy":0.3}