{"complete_time":0.578039817,"hps":{"tol":0.0003544455673970432,"eps_CL":1.0568759711848041,"G":5,"K":45},"opt_time":0.577954188,"accuracy":0.2}