{"complete_time":1.013495642,"hps":{"tol":7.959777002314978e-5,"eps_CL":2.4911300260677893,"G":5,"K":70},"opt_time":1.013412995,"accuracy":0.4}