{"complete_time":0.936362568,"hps":{"tol":6.335804992658241e-9,"eps_CL":2.3898925662310497,"G":7,"K":65},"opt_time":0.936262541,"accuracy":0.55}