{"complete_time":0.178692888,"hps":{"tol":0.0019023011886689458,"eps_CL":0.16338538778098613,"G":9,"K":24},"opt_time":0.178502317,"accuracy":0.4}