{"complete_time":0.124776454,"hps":{"tol":2.43998629725955e-6,"eps_CL":4.804870439655131,"G":9,"K":17},"opt_time":0.124684379,"accuracy":0.3}