{"complete_time":1.231315117,"hps":{"tol":1.6796748720926532e-5,"eps_CL":2.543345761304649,"G":6,"K":79},"opt_time":1.231200488,"accuracy":0.35}