{"complete_time":0.073867769,"hps":{"tol":0.00276338529005317,"eps_CL":0.49055837063650487,"G":3,"K":50},"opt_time":0.073804344,"accuracy":0.4}