{"complete_time":0.01469792,"hps":{"tol":5.831305113526231e-7,"eps_CL":1.1483124145435109,"G":2,"K":17},"opt_time":0.014604767,"accuracy":0.35}