{"complete_time":0.673932081,"hps":{"tol":1.4526539259467783e-10,"eps_CL":0.7689283720758311,"G":7,"K":51},"opt_time":0.673819858,"accuracy":0.5}