{"complete_time":0.477120725,"hps":{"tol":1.645190587753664e-7,"eps_CL":0.19287915080207776,"G":3,"K":38},"opt_time":0.477034159,"accuracy":0.55}