{"complete_time":0.008787012,"hps":{"tol":4.3615377892080146e-8,"eps_CL":0.9794696670695393,"G":3,"K":10},"opt_time":0.008716402,"accuracy":0.4}