{"complete_time":0.172113301,"hps":{"tol":3.4004119327037025e-8,"eps_CL":5.594325706169378,"G":7,"K":37},"opt_time":0.172022502,"accuracy":0.3}