{"complete_time":0.056676893,"hps":{"tol":5.479472336900282e-7,"eps_CL":0.37460500327489926,"G":9,"K":50},"opt_time":0.056561523,"accuracy":0.45}