{"complete_time":0.024143789,"hps":{"tol":1.2305240043592616e-8,"eps_CL":0.6120498372476698,"G":4,"K":21},"opt_time":0.024071501,"accuracy":0.45}