{"complete_time":0.012569473,"hps":{"tol":3.195247505759207e-5,"eps_CL":0.34957755743632746,"G":1,"K":10},"opt_time":0.012500555,"accuracy":0.5}