{"complete_time":0.772636852,"hps":{"tol":0.004838209664925958,"eps_CL":22.9276931286565,"G":4,"K":57},"opt_time":0.772550413,"accuracy":0.35}