{"complete_time":0.015307342,"hps":{"tol":0.07175560918936924,"eps_CL":0.3217418150676371,"G":6,"K":23},"opt_time":0.015231295,"accuracy":0.55}