{"complete_time":0.28529682,"hps":{"tol":3.3306003436245885e-6,"eps_CL":2.3898925662310497,"G":5,"K":25},"opt_time":0.285220547,"accuracy":0.65}