{"complete_time":0.163109866,"hps":{"tol":1.7508270317357234e-6,"eps_CL":0.250841505927754,"G":4,"K":80},"opt_time":0.163030883,"accuracy":0.4}