{"complete_time":0.091216775,"hps":{"tol":1.28264983052806e-7,"eps_CL":3.3537101520029298,"G":1,"K":31},"opt_time":0.09115111,"accuracy":0.45}