{"complete_time":0.100729884,"hps":{"tol":2.880444153396298e-7,"eps_CL":0.13095350204826672,"G":2,"K":63},"opt_time":0.100634587,"accuracy":0.45}