{"complete_time":0.433019468,"hps":{"tol":0.0006078323128297229,"eps_CL":37.98215306190736,"G":7,"K":34},"opt_time":0.432942845,"accuracy":0.5}