{"complete_time":0.209983468,"hps":{"tol":7.959777002314977e-10,"eps_CL":1.5141893253043524,"G":6,"K":48},"opt_time":0.209872024,"accuracy":0.35}