{"complete_time":0.088416804,"hps":{"tol":2.024446509976802e-8,"eps_CL":73.7679760252773,"G":3,"K":39},"opt_time":0.088348088,"accuracy":0.5}