{"complete_time":0.670762493,"hps":{"tol":1.8249932448161506e-8,"eps_CL":0.2920555512182746,"G":5,"K":51},"opt_time":0.670680148,"accuracy":0.4}