{"complete_time":1.047836161,"hps":{"tol":0.02543345761304648,"eps_CL":1.7267809038843556,"G":5,"K":72},"opt_time":1.047754007,"accuracy":0.45}