{"complete_time":0.938280643,"hps":{"tol":0.0009203731996618221,"eps_CL":14.130259905995336,"G":6,"K":65},"opt_time":0.938179463,"accuracy":0.6}