{"complete_time":0.11504564,"hps":{"tol":2.4399862972595453e-7,"eps_CL":98.62658461312826,"G":3,"K":43},"opt_time":0.114972106,"accuracy":0.6}