{"complete_time":0.096228229,"hps":{"tol":2.5433457613046537e-7,"eps_CL":49.05583706365048,"G":1,"K":52},"opt_time":0.096171652,"accuracy":0.45}