{"complete_time":0.007340706,"hps":{"tol":0.0016114142772530198,"eps_CL":0.6335804992658253,"G":3,"K":10},"opt_time":0.007244277,"accuracy":0.35}