{"complete_time":3.481052421,"hps":{"tol":2.1544346900318867e-10,"eps_CL":2.7066520700332415,"G":3,"K":63},"opt_time":3.341882466,"accuracy":0.3}