{"complete_time":0.147243675,"hps":{"tol":2.024446509976806e-7,"eps_CL":1.483102514336104,"G":4,"K":59},"opt_time":0.147146567,"accuracy":0.6}