{"complete_time":0.007330091,"hps":{"tol":0.028804441533962964,"eps_CL":12.305240043592615,"G":2,"K":6},"opt_time":0.007261285,"accuracy":0.35}