{"complete_time":0.008604494,"hps":{"tol":0.06468607661546324,"eps_CL":14.130259905995336,"G":2,"K":16},"opt_time":0.008544814,"accuracy":0.6}