{"complete_time":0.037841612,"hps":{"tol":7.17556091893692e-8,"eps_CL":6.931717276155408,"G":9,"K":41},"opt_time":0.037746157,"accuracy":0.4}