{"complete_time":0.056446999,"hps":{"tol":3.40041193270371e-5,"eps_CL":0.385110700232557,"G":2,"K":35},"opt_time":0.056378156,"accuracy":0.75}