{"complete_time":0.18633007,"hps":{"tol":1.714881969870541e-9,"eps_CL":0.35690493456752304,"G":3,"K":56},"opt_time":0.18625054,"accuracy":0.55}