{"complete_time":0.431581862,"hps":{"tol":1.1325413151528103e-5,"eps_CL":3.3769803108250898,"G":8,"K":35},"opt_time":0.431492328,"accuracy":0.55}