{"complete_time":0.042610904,"hps":{"tol":0.0013650078065460137,"eps_CL":53.29994080844093,"G":5,"K":36},"opt_time":0.042514068,"accuracy":0.55}