{"complete_time":0.931111252,"hps":{"tol":5.8313051135262186e-9,"eps_CL":14.228304572143534,"G":5,"K":66},"opt_time":0.931028098,"accuracy":0.7}