{"complete_time":551.606319669,"hps":{"eps_E":1.3186214013947481,"tol":1.4526539259467783e-10,"eps_CL":0.7689283720758311,"K":51},"opt_time":551.606186904,"accuracy":0.65}