{"complete_time":556.161559298,"hps":{"eps_E":0.14426439512181574,"tol":2.024446509976806e-7,"eps_CL":1.483102514336104,"K":59},"opt_time":556.161437226,"accuracy":0.65}