{"complete_time":1075.631702528,"hps":{"eps_E":0.029205555121827452,"tol":2.651083601908536e-7,"eps_CL":2.406475150015425,"K":70},"opt_time":1075.631561102,"accuracy":0.65}