{"complete_time":549.730891479,"hps":{"eps_E":0.13744790926775374,"tol":0.004838209664925958,"eps_CL":22.9276931286565,"K":57},"opt_time":549.730761892,"accuracy":0.65}