{"complete_time":560.149267423,"hps":{"eps_E":9.267593301146881,"tol":5.479472336900282e-7,"eps_CL":0.37460500327489926,"K":50},"opt_time":560.149158327,"accuracy":0.65}