{"complete_time":466.215519943,"hps":{"eps_E":4.213321743847289,"tol":3.694601205199295e-10,"eps_CL":3.4716868189265604,"K":12},"opt_time":466.215426794,"accuracy":0.65}