{"complete_time":5118.472186806,"hps":{"eps_E":0.0986265846131282,"tol":1.645190587753664e-7,"eps_CL":0.19287915080207776,"K":38},"opt_time":5118.472074776,"accuracy":0.65}