{"complete_time":7.471373094,"hps":{"eps_E":1.3005112521734088,"tol":3.4004119327037025e-8,"eps_CL":5.594325706169378,"K":37},"opt_time":7.471272812,"accuracy":0.65}