{"complete_time":10.431979122,"hps":{"eps_E":0.0823978568452852,"tol":2.4399862972595453e-7,"eps_CL":98.62658461312826,"K":43},"opt_time":10.431862761,"accuracy":0.65}