{"complete_time":524.462778014,"hps":{"eps_E":0.3086664943337274,"tol":0.0013650078065460137,"eps_CL":53.29994080844093,"K":36},"opt_time":524.462662989,"accuracy":0.65}