{"complete_time":14.411640972,"hps":{"eps_E":2.2148552337263605,"tol":2.0668802496290822e-10,"eps_CL":3.8778284145894553,"K":36},"opt_time":14.411544384,"accuracy":0.65}