{"complete_time":566.197433405,"hps":{"eps_E":0.07636298261282246,"tol":0.000595353313081437,"eps_CL":1.7508270317357242,"K":65},"opt_time":566.197315986,"accuracy":0.65}