{"complete_time":657.766364132,"hps":{"eps_E":0.16796748720926535,"tol":1.7508270317357234e-6,"eps_CL":0.250841505927754,"K":80},"opt_time":657.766215176,"accuracy":0.65}