{"complete_time":1115.170539801,"hps":{"eps_E":1.4627333562011307,"tol":6.335804992658241e-9,"eps_CL":2.3898925662310497,"K":65},"opt_time":1115.170432731,"accuracy":0.65}