{"complete_time":555.560422779,"hps":{"eps_E":3.173229634734976,"tol":1.1325413151528103e-5,"eps_CL":3.3769803108250898,"K":35},"opt_time":555.56032029,"accuracy":0.65}