{"complete_time":652.368553162,"hps":{"eps_E":1.422830457214353,"tol":0.0006078323128297229,"eps_CL":37.98215306190736,"K":34},"opt_time":652.368479953,"accuracy":0.65}