{"complete_time":604.252543409,"hps":{"eps_E":0.017999285067824763,"tol":3.195247505759207e-5,"eps_CL":0.34957755743632746,"K":10},"opt_time":604.252454281,"accuracy":0.65}