{"complete_time":1073.142268077,"hps":{"eps_E":0.8768856094587426,"tol":7.959777002314977e-10,"eps_CL":1.5141893253043524,"K":48},"opt_time":1073.142149455,"accuracy":0.65}