{"complete_time":2198.711184382,"hps":{"eps_E":0.21693835183851853,"tol":1.8249932448161506e-8,"eps_CL":0.2920555512182746,"K":51},"opt_time":2198.711073082,"accuracy":0.65}