{"complete_time":493.555398757,"hps":{"eps_E":0.4242556430717777,"tol":3.3306003436245885e-6,"eps_CL":2.3898925662310497,"K":25},"opt_time":493.555305455,"accuracy":0.65}