{"complete_time":57.175071878,"hps":{"eps_E":0.04838209664925955,"tol":2.024446509976802e-8,"eps_CL":73.7679760252773,"K":39},"opt_time":57.174951357,"accuracy":0.65}