{"complete_time":474.277454271,"hps":{"eps_E":0.05555776222398875,"tol":4.3615377892080146e-8,"eps_CL":0.9794696670695393,"K":10},"opt_time":474.277360313,"accuracy":0.65}