{"complete_time":581.627471478,"hps":{"eps_E":0.0390473523688556,"tol":3.40041193270371e-5,"eps_CL":0.385110700232557,"K":35},"opt_time":581.627374594,"accuracy":0.65}