{"complete_time":968.206821971,"hps":{"eps_E":8.239785684528515,"tol":0.0019023011886689458,"eps_CL":0.16338538778098613,"K":24},"opt_time":968.206724615,"accuracy":0.65}