{"complete_time":556.311617203,"hps":{"eps_E":1.8891927762076663,"tol":1.1092898648952228e-10,"eps_CL":63.79766808606282,"K":63},"opt_time":556.31150826,"accuracy":0.65}