{"max_acc":0.615,"best_params":[70,6,7.028244264308349,6.604193962330319e-8]}