{"complete_time":4.725388641,"hps":{"tol":0.0493962174387832,"eps_CL":1.996642450109794,"G":9,"K":39},"opt_time":4.72520216,"accuracy":0.5}