{"complete_time":4.635334686,"hps":{"tol":8.470868266557385e-10,"eps_CL":0.9014776314524915,"G":1,"K":40},"opt_time":4.635182956,"accuracy":0.475}