{"complete_time":0.121447908,"hps":{"tol":2.2927693128656486e-6,"eps_CL":0.44222739805058997,"G":1,"K":6},"opt_time":0.121333955,"accuracy":0.445}