{"complete_time":4.170536636,"hps":{"tol":3.002461709085543e-10,"eps_CL":0.12305240043592616,"G":9,"K":37},"opt_time":4.170364919,"accuracy":0.56}