{"complete_time":1.2982772,"hps":{"tol":0.08296958520834907,"eps_CL":83.54528058382871,"G":7,"K":20},"opt_time":1.298115907,"accuracy":0.455}