{"complete_time":0.864456356,"hps":{"tol":4.271993966306777e-6,"eps_CL":2.6880010215376053,"G":7,"K":29},"opt_time":0.864245602,"accuracy":0.55}