{"complete_time":4.843507486,"hps":{"tol":5.95353313081437e-10,"eps_CL":11.169868184678238,"G":9,"K":40},"opt_time":4.84332371,"accuracy":0.52}