{"complete_time":1.422150523,"hps":{"tol":7.796360130405221e-6,"eps_CL":0.15246957270175737,"G":9,"K":22},"opt_time":1.421944033,"accuracy":0.525}