{"complete_time":6.668479261,"hps":{"tol":3.8511070023255685e-5,"eps_CL":19.692202554791713,"G":7,"K":50},"opt_time":6.668294112,"accuracy":0.545}