{"complete_time":2.083794412,"hps":{"tol":0.0015459277364194785,"eps_CL":82.96958520834912,"G":8,"K":92},"opt_time":2.083575455,"accuracy":0.55}