{"complete_time":0.587515848,"hps":{"tol":0.04361537789208006,"eps_CL":76.36298261282242,"G":3,"K":34},"opt_time":0.587355535,"accuracy":0.52}