{"complete_time":0.348157947,"hps":{"tol":2.1544346900318867e-5,"eps_CL":1.5246957270175738,"G":3,"K":15},"opt_time":0.347979556,"accuracy":0.545}