{"complete_time":9.769124663,"hps":{"tol":6.604193962330319e-8,"eps_CL":7.028244264308349,"G":6,"K":70},"opt_time":9.768879152,"accuracy":0.615}