{"complete_time":2.040598852,"hps":{"tol":6.604193962330305e-7,"eps_CL":88.29699955494087,"G":2,"K":37},"opt_time":2.040434533,"accuracy":0.51}