{"complete_time":0.143517752,"hps":{"tol":2.7066520700332412e-6,"eps_CL":2.139588871343422,"G":2,"K":7},"opt_time":0.143358077,"accuracy":0.49}