{"complete_time":6.053291001,"hps":{"tol":5.8313051135262185e-5,"eps_CL":0.22927693128656493,"G":6,"K":49},"opt_time":6.053096967,"accuracy":0.5}