{"complete_time":0.250561139,"hps":{"tol":0.015459277364194777,"eps_CL":1.0069386314760276,"G":6,"K":16},"opt_time":0.25040863,"accuracy":0.545}