{"complete_time":11.478191652,"hps":{"tol":7.479522515621828e-8,"eps_CL":17.267809038843552,"G":8,"K":77},"opt_time":11.477996256,"accuracy":0.455}