{"complete_time":1.764687338,"hps":{"tol":0.05256791122018422,"eps_CL":1.6681005372000588,"G":2,"K":63},"opt_time":1.764517302,"accuracy":0.585}