{"complete_time":1.015507951,"hps":{"tol":6.205728806776488e-9,"eps_CL":0.11016459496336567,"G":1,"K":19},"opt_time":1.015353602,"accuracy":0.5}