{"complete_time":2.233966715,"hps":{"tol":1.3369837418249453e-9,"eps_CL":1.9287915080207783,"G":7,"K":85},"opt_time":2.233749981,"accuracy":0.505}