{"complete_time":1.081220859,"hps":{"tol":1.2563166024741189e-6,"eps_CL":1.9023011886689443,"G":3,"K":37},"opt_time":1.081065739,"accuracy":0.49}