{"complete_time":0.325937615,"hps":{"tol":9.20373199661823e-5,"eps_CL":4.3314832233764005,"G":4,"K":23},"opt_time":0.325794006,"accuracy":0.485}