{"complete_time":2.332933474,"hps":{"tol":4.098383671757253e-7,"eps_CL":0.11016459496336567,"G":6,"K":87},"opt_time":2.332716469,"accuracy":0.56}