{"complete_time":5.626517824,"hps":{"tol":7.959777002314978e-6,"eps_CL":33.30600343624589,"G":2,"K":97},"opt_time":5.626294272,"accuracy":0.515}