{"complete_time":22.229481793,"hps":{"tol":0.028804441533962964,"eps_CL":0.19692202554791724,"G":6,"K":100},"opt_time":22.229047254,"accuracy":0.525}