{"complete_time":3.193018729,"hps":{"tol":4.641588833612792e-9,"eps_CL":11.016459496336564,"G":3,"K":98},"opt_time":3.192778205,"accuracy":0.515}