{"complete_time":1.033464344,"hps":{"tol":0.0393182875570577,"eps_CL":9.203731996618224,"G":1,"K":39},"opt_time":1.033291375,"accuracy":0.475}