{"complete_time":1.502487888,"hps":{"tol":5.95353313081437e-10,"eps_CL":55.557762223988775,"G":7,"K":62},"opt_time":1.502293952,"accuracy":0.585}