{"complete_time":4.750155401,"hps":{"tol":1.180516528568803e-5,"eps_CL":51.13387538414326,"G":6,"K":40},"opt_time":4.749914664,"accuracy":0.56}