{"complete_time":2.218114226,"hps":{"tol":8.126619200091945e-6,"eps_CL":0.3195247505759212,"G":8,"K":96},"opt_time":2.217863968,"accuracy":0.525}