{"complete_time":3.762248553,"hps":{"tol":6.604193962330305e-5,"eps_CL":6.836516004510237,"G":4,"K":33},"opt_time":3.76209952,"accuracy":0.51}