{"complete_time":8.135705557,"hps":{"tol":1.5783314056521132e-9,"eps_CL":1.6681005372000588,"G":2,"K":80},"opt_time":7.970093269,"accuracy":0.535}