{"complete_time":16.267533564,"hps":{"tol":1.1805165285688032e-10,"eps_CL":12.22044686631488,"G":7,"K":98},"opt_time":16.267292189,"accuracy":0.47}