{"complete_time":1.231971061,"hps":{"tol":6.205728806776488e-10,"eps_CL":0.44529585099426555,"G":5,"K":20},"opt_time":1.231819546,"accuracy":0.49}