{"complete_time":9.047916774,"hps":{"tol":2.8213076759394707e-5,"eps_CL":7.028244264308349,"G":9,"K":65},"opt_time":9.047726789,"accuracy":0.49}