{"complete_time":0.734967292,"hps":{"tol":3.0653952950565234e-10,"eps_CL":3.2174181506763717,"G":6,"K":35},"opt_time":0.734756188,"accuracy":0.5}