{"complete_time":8.724746403,"hps":{"tol":5.95353313081437e-7,"eps_CL":1.1483124145435109,"G":6,"K":65},"opt_time":8.724533912,"accuracy":0.46}