{"complete_time":0.896484612,"hps":{"tol":4.939621743878326e-8,"eps_CL":27.06652070033241,"G":7,"K":15},"opt_time":0.896307208,"accuracy":0.52}