{"complete_time":2.831670413,"hps":{"tol":2.2456979955397718e-10,"eps_CL":14.933932161242518,"G":3,"K":86},"opt_time":2.831485216,"accuracy":0.545}