{"complete_time":2.258533163,"hps":{"tol":3.262222009711673e-8,"eps_CL":0.31296480106707514,"G":5,"K":87},"opt_time":2.258343214,"accuracy":0.455}