{"complete_time":2.858244723,"hps":{"tol":0.0004738879609717651,"eps_CL":40.42095839796306,"G":4,"K":27},"opt_time":2.858037513,"accuracy":0.48}