{"complete_time":1.792747224,"hps":{"tol":3.851107002325577e-7,"eps_CL":16.681005372000584,"G":3,"K":71},"opt_time":1.792527999,"accuracy":0.51}