{"complete_time":1.987696648,"hps":{"tol":1.6796748720926566e-7,"eps_CL":12.738113231864785,"G":7,"K":81},"opt_time":1.987483427,"accuracy":0.45}