{"complete_time":0.84485212,"hps":{"tol":0.0007175560918936921,"eps_CL":84.70868266557402,"G":4,"K":38},"opt_time":0.844681902,"accuracy":0.5}