{"complete_time":1.32365614,"hps":{"tol":0.002024446509976804,"eps_CL":65.58685659571435,"G":1,"K":29},"opt_time":1.323522763,"accuracy":0.52}