{"complete_time":0.230346101,"hps":{"tol":0.017508270317357244,"eps_CL":55.17492376129129,"G":1,"K":20},"opt_time":0.230215144,"accuracy":0.5}