{"complete_time":0.627961265,"hps":{"tol":1.3095350204826677e-8,"eps_CL":77.96360130405237,"G":9,"K":11},"opt_time":0.62776721,"accuracy":0.48}