{"complete_time":11.08569389,"hps":{"tol":3.618749812411277e-7,"eps_CL":1.2826498305280605,"G":9,"K":75},"opt_time":11.085460136,"accuracy":0.465}