{"complete_time":1.473423882,"hps":{"tol":4.2719939663067766e-8,"eps_CL":0.11092898648952228,"G":5,"K":23},"opt_time":1.473272386,"accuracy":0.485}