{"complete_time":7.919367897,"hps":{"eps_E":0.05148867450137495,"tol":1.0642092440647225e-10,"eps_CL":0.9999999999999998,"K":41,"num_fuzzy_steps":8},"opt_time":7.919312178,"accuracy":0.55}