{"complete_time":182.745789532,"hps":{"eps_E":1.1092898648952225,"tol":1.1805165285688055e-6,"eps_CL":0.11483124145435111,"K":30,"num_fuzzy_steps":7},"opt_time":182.745705544,"accuracy":0.45}