{"complete_time":6.460337089,"hps":{"eps_E":0.14228304572143527,"tol":2.596655972934867e-5,"eps_CL":6.836516004510237,"K":69,"num_fuzzy_steps":4},"opt_time":6.460262412,"accuracy":0.55}