{"complete_time":1.918725561,"hps":{"eps_E":1.3556017853293683,"tol":0.019421746814890263,"eps_CL":59.94842503189409,"K":16,"num_fuzzy_steps":5},"opt_time":1.918671475,"accuracy":0.55}