{"complete_time":506.722086567,"hps":{"eps_E":0.025258200269627846,"tol":2.821307675939471e-10,"eps_CL":0.11247371783647517,"K":29,"num_fuzzy_steps":3},"opt_time":506.722012965,"accuracy":0.45}