{"complete_time":4.731510496,"hps":{"eps_E":0.3447764054734464,"tol":0.0004939621743878321,"eps_CL":1.1483124145435109,"K":35,"num_fuzzy_steps":8},"opt_time":4.731463109,"accuracy":0.45}