{"complete_time":2.613458611,"hps":{"eps_E":0.05256791122018422,"tol":0.0077963601304052365,"eps_CL":0.23570694139967277,"K":38,"num_fuzzy_steps":3},"opt_time":2.613371054,"accuracy":0.55}