{"complete_time":3.988997538,"hps":{"eps_E":0.025258200269627846,"tol":1.61141427725302e-6,"eps_CL":10.423606739764022,"K":27,"num_fuzzy_steps":8},"opt_time":3.988951817,"accuracy":0.45}