{"complete_time":12.135127146,"hps":{"eps_E":4.905583706365048,"tol":3.6946012051993024e-6,"eps_CL":0.6162966255132941,"K":21,"num_fuzzy_steps":5},"opt_time":12.032820531,"accuracy":0.55}