{"complete_time":3.863708826,"hps":{"eps_E":0.013936192742241428,"tol":8.648423275731727e-5,"eps_CL":0.6162966255132941,"K":14,"num_fuzzy_steps":4},"opt_time":3.863632872,"accuracy":0.45}