{"complete_time":2.634074989,"hps":{"eps_E":7.583677914997191,"tol":4.641588833612782e-7,"eps_CL":2.27697025538168,"K":23,"num_fuzzy_steps":6},"opt_time":2.634010226,"accuracy":0.55}