{"complete_time":30.901930336,"hps":{"eps_E":0.37982153061907353,"tol":0.0005256791122018419,"eps_CL":0.21102034285685956,"K":31,"num_fuzzy_steps":8},"opt_time":30.901847076,"accuracy":0.45}