{"complete_time":9.421621795,"hps":{"eps_E":0.37202366814130666,"tol":1.6796748720926532e-5,"eps_CL":0.4771760948938746,"K":44,"num_fuzzy_steps":8},"opt_time":9.421573457,"accuracy":0.55}