{"complete_time":2.518079564,"hps":{"eps_E":0.050431594871713614,"tol":2.1102034285685923e-8,"eps_CL":0.2614673211801092,"K":8,"num_fuzzy_steps":4},"opt_time":2.518003174,"accuracy":0.55}