{"complete_time":4.1703091,"hps":{"eps_E":0.7742636826811272,"tol":0.0012305240043592616,"eps_CL":42.13321743847289,"K":35,"num_fuzzy_steps":8},"opt_time":4.170261588,"accuracy":0.55}