{"complete_time":5.965961829,"hps":{"eps_E":0.15141893253043523,"tol":8.126619200091962e-8,"eps_CL":1.1805165285688053,"K":63,"num_fuzzy_steps":4},"opt_time":5.965922189,"accuracy":0.55}