{"complete_time":9.35165282,"hps":{"eps_E":0.7531420165974372,"tol":1.6796748720926531e-10,"eps_CL":0.500840798984821,"K":77,"num_fuzzy_steps":5},"opt_time":9.351578325,"accuracy":0.45}