{"complete_time":3.747640859,"hps":{"eps_E":3.4957755743632744,"tol":7.796360130405237e-5,"eps_CL":22.148552337263602,"K":36,"num_fuzzy_steps":6},"opt_time":3.747566921,"accuracy":0.55}