{"complete_time":753.344064724,"hps":{"eps_E":0.028408836901833042,"tol":1.4526539259467783e-9,"eps_CL":0.1775208011717635,"K":46,"num_fuzzy_steps":3},"opt_time":753.343964285,"accuracy":0.45}