{"complete_time":13.85418531,"hps":{"eps_E":0.221485523372636,"tol":3.12964801067075e-5,"eps_CL":0.599484250318941,"K":74,"num_fuzzy_steps":7},"opt_time":13.854117644,"accuracy":0.45}