{"complete_time":3.368721043,"hps":{"eps_E":1.422830457214353,"tol":0.0012563166024741202,"eps_CL":22.45697995539774,"K":50,"num_fuzzy_steps":3},"opt_time":3.36867244,"accuracy":0.55}