{"complete_time":2.239734511,"hps":{"eps_E":0.3239742629528196,"tol":1.6114142772530166e-5,"eps_CL":93.31897715733238,"K":21,"num_fuzzy_steps":5},"opt_time":2.239684585,"accuracy":0.55}