{"complete_time":42.957684481,"hps":{"eps_E":0.028213076759394707,"tol":2.880444153396292e-8,"eps_CL":0.14526539259467808,"K":17,"num_fuzzy_steps":7},"opt_time":42.957610117,"accuracy":0.45}