{"complete_time":2.661737127,"hps":{"eps_E":0.8768856094587426,"tol":2.0668802496290863e-7,"eps_CL":3.85110700232557,"K":17,"num_fuzzy_steps":7},"opt_time":2.66165732,"accuracy":0.55}