{"complete_time":1.866837976,"hps":{"eps_E":1.1805165285688048,"tol":2.3408272761782897e-8,"eps_CL":11.723818032865985,"K":38,"num_fuzzy_steps":3},"opt_time":1.866790289,"accuracy":0.55}