{"complete_time":4.203878842,"hps":{"eps_E":0.9267593301146878,"tol":0.0595353313081437,"eps_CL":0.8126619200091943,"K":11,"num_fuzzy_steps":6},"opt_time":4.203834139,"accuracy":0.55}