{"complete_time":7.321606382,"hps":{"eps_E":0.015783314056521173,"tol":6.742622241778349e-8,"eps_CL":1.086515774652538,"K":74,"num_fuzzy_steps":4},"opt_time":7.321522696,"accuracy":0.45}