{"complete_time":4.323297238,"hps":{"eps_E":5.791122647641759,"tol":0.07959777002314981,"eps_CL":0.2340827276178293,"K":17,"num_fuzzy_steps":5},"opt_time":4.323249397,"accuracy":0.55}