{"complete_time":5.422954773,"hps":{"eps_E":0.024739641008868142,"tol":2.3898925662310527e-8,"eps_CL":3.520031472796681,"K":54,"num_fuzzy_steps":4},"opt_time":5.422904843,"accuracy":0.45}