{"complete_time":1.598742717,"hps":{"eps_E":0.21395888713434222,"tol":7.479522515621828e-8,"eps_CL":7.689283720758313,"K":31,"num_fuzzy_steps":3},"opt_time":1.598689376,"accuracy":0.55}