{"complete_time":692.116641326,"hps":{"eps_E":7.175560918936925,"tol":1.3650078065460138e-10,"eps_CL":0.2038493398252463,"K":37,"num_fuzzy_steps":8},"opt_time":692.116595091,"accuracy":0.55}