{"complete_time":48.659633527,"hps":{"eps_E":0.027633852900531698,"tol":4.838209664925967e-8,"eps_CL":0.2024446509976804,"K":37,"num_fuzzy_steps":6},"opt_time":48.659583128,"accuracy":0.45}