{"complete_time":4.185345663,"hps":{"eps_E":3.746050032748992,"tol":0.0009794696670695387,"eps_CL":7.225349491787216,"K":40,"num_fuzzy_steps":6},"opt_time":4.185291464,"accuracy":0.55}