{"complete_time":3.261438457,"hps":{"eps_E":0.06205728806776504,"tol":2.154434690031878e-9,"eps_CL":22.612800663372774,"K":26,"num_fuzzy_steps":7},"opt_time":3.261367807,"accuracy":0.55}