{"complete_time":7.261728431,"hps":{"eps_E":6.604193962330306,"tol":1.422830457214352e-7,"eps_CL":1.6796748720926535,"K":68,"num_fuzzy_steps":5},"opt_time":7.26166433,"accuracy":0.55}