{"complete_time":3.909371486,"hps":{"eps_E":0.021995930680300747,"tol":0.013936192742241428,"eps_CL":0.599484250318941,"K":30,"num_fuzzy_steps":7},"opt_time":3.909327051,"accuracy":0.45}