{"complete_time":7.507882824,"hps":{"eps_E":0.013277708293554298,"tol":3.1296480106707505e-6,"eps_CL":29.817722900196703,"K":47,"num_fuzzy_steps":7},"opt_time":7.507803042,"accuracy":0.45}