{"complete_time":4.850579682,"hps":{"eps_E":0.014526539259467812,"tol":1.9421746814890284e-10,"eps_CL":2.801866556459195,"K":38,"num_fuzzy_steps":8},"opt_time":4.850521765,"accuracy":0.45}