{"complete_time":3.311806725,"hps":{"eps_E":0.26328154656480207,"tol":8.126619200091946e-9,"eps_CL":55.557762223988775,"K":37,"num_fuzzy_steps":6},"opt_time":3.311740973,"accuracy":0.55}