{"complete_time":2.605788961,"hps":{"eps_E":0.021995930680300747,"tol":4.5462954695323996e-6,"eps_CL":80.15006961565405,"K":9,"num_fuzzy_steps":8},"opt_time":2.605711035,"accuracy":0.45}