{"max_acc":1.0,"best_params":[100,0.7275483529196228,0.19692202554791724,0.028804441533962964]}