{"complete_time":0.066547281,"hps":{"eps_E":0.0493962174387832,"tol":4.641588833612792e-9,"eps_CL":11.016459496336564,"K":98},"opt_time":0.066371175,"accuracy":0.515}