{"complete_time":0.728040042,"hps":{"eps_E":0.6248788072006894,"tol":5.8313051135262185e-5,"eps_CL":0.22927693128656493,"K":49},"opt_time":0.727859768,"accuracy":0.51}