{"complete_time":0.026004773,"hps":{"eps_E":0.05555776222398875,"tol":0.04361537789208006,"eps_CL":76.36298261282242,"K":34},"opt_time":0.025889398,"accuracy":0.505}