{"complete_time":0.237805535,"hps":{"eps_E":9.077326525210227,"tol":7.796360130405221e-6,"eps_CL":0.15246957270175737,"K":22},"opt_time":0.237694895,"accuracy":0.555}