{"complete_time":0.02820295,"hps":{"eps_E":0.029004304938639917,"tol":6.604193962330305e-7,"eps_CL":88.29699955494087,"K":37},"opt_time":0.028023391,"accuracy":0.46}