{"complete_time":0.029050823,"hps":{"eps_E":0.1483102514336104,"tol":6.604193962330305e-5,"eps_CL":6.836516004510237,"K":33},"opt_time":0.028929384,"accuracy":0.475}