{"complete_time":0.791153288,"hps":{"eps_E":2.8213076759394724,"tol":7.479522515621828e-8,"eps_CL":17.267809038843552,"K":77},"opt_time":0.791006405,"accuracy":1.0}