{"complete_time":0.020170777,"hps":{"eps_E":0.11247371783647517,"tol":9.20373199661823e-5,"eps_CL":4.3314832233764005,"K":23},"opt_time":0.020066424,"accuracy":0.55}