{"complete_time":0.01279291,"hps":{"eps_E":0.017999285067824763,"tol":2.2927693128656486e-6,"eps_CL":0.44222739805058997,"K":6},"opt_time":0.012702892,"accuracy":0.535}