{"complete_time":0.707489143,"hps":{"eps_E":1.5141893253043528,"tol":1.6796748720926566e-7,"eps_CL":12.738113231864785,"K":81},"opt_time":0.707362346,"accuracy":1.0}