{"complete_time":0.042887593,"hps":{"eps_E":0.03447764054734464,"tol":2.7066520700332412e-6,"eps_CL":2.139588871343422,"K":7},"opt_time":0.042790222,"accuracy":0.47}