{"complete_time":0.117563323,"hps":{"eps_E":0.26328154656480207,"tol":3.262222009711673e-8,"eps_CL":0.31296480106707514,"K":87},"opt_time":0.117411267,"accuracy":0.495}