{"complete_time":0.677749874,"hps":{"eps_E":6.979813907830658,"tol":5.95353313081437e-10,"eps_CL":11.169868184678238,"K":40},"opt_time":0.67762852,"accuracy":1.0}