{"complete_time":0.023355224,"hps":{"eps_E":0.013186214013947485,"tol":0.002024446509976804,"eps_CL":65.58685659571435,"K":29},"opt_time":0.023184756,"accuracy":0.485}