{"complete_time":0.435270951,"hps":{"eps_E":0.7275483529196228,"tol":0.028804441533962964,"eps_CL":0.19692202554791724,"K":100},"opt_time":0.435093524,"accuracy":1.0}