{"complete_time":0.023680323,"hps":{"eps_E":0.012738113231864785,"tol":6.205728806776488e-9,"eps_CL":0.11016459496336567,"K":19},"opt_time":0.023575485,"accuracy":0.475}