{"complete_time":0.390661526,"hps":{"eps_E":6.1204983724767015,"tol":0.0493962174387832,"eps_CL":1.996642450109794,"K":39},"opt_time":0.390556116,"accuracy":0.71}