{"complete_time":0.276089407,"hps":{"eps_E":6.162966255132942,"tol":1.3095350204826677e-8,"eps_CL":77.96360130405237,"K":11},"opt_time":0.275994421,"accuracy":0.995}