{"complete_time":0.016196198,"hps":{"eps_E":0.07325965428215227,"tol":2.1544346900318867e-5,"eps_CL":1.5246957270175738,"K":15},"opt_time":0.016037554,"accuracy":0.485}