{"complete_time":0.05037822,"hps":{"eps_E":0.08354528058382872,"tol":3.851107002325577e-7,"eps_CL":16.681005372000584,"K":71},"opt_time":0.050231035,"accuracy":0.455}