{"complete_time":0.070193393,"hps":{"eps_E":0.03330600343624589,"tol":7.959777002314978e-6,"eps_CL":33.30600343624589,"K":97},"opt_time":0.070030448,"accuracy":0.52}