{"complete_time":0.653577315,"hps":{"eps_E":1.432702953409831,"tol":3.8511070023255685e-5,"eps_CL":19.692202554791713,"K":50},"opt_time":0.653446987,"accuracy":1.0}