{"complete_time":0.974801942,"hps":{"eps_E":0.8829699955494091,"tol":5.95353313081437e-7,"eps_CL":1.1483124145435109,"K":65},"opt_time":0.974647608,"accuracy":0.995}