{"complete_time":0.522248833,"hps":{"eps_E":6.162966255132942,"tol":3.002461709085543e-10,"eps_CL":0.12305240043592616,"K":37},"opt_time":0.522124171,"accuracy":1.0}