{"complete_time":0.030113805,"hps":{"eps_E":0.011643031329208763,"tol":8.470868266557385e-10,"eps_CL":0.9014776314524915,"K":40},"opt_time":0.030010985,"accuracy":0.465}