{"complete_time":0.22103882,"hps":{"eps_E":0.6742622241778343,"tol":0.015459277364194777,"eps_CL":1.0069386314760276,"K":16},"opt_time":0.220924529,"accuracy":0.995}