{"complete_time":0.057698069,"hps":{"eps_E":0.5633142670601353,"tol":1.180516528568803e-5,"eps_CL":51.13387538414326,"K":40},"opt_time":0.057576718,"accuracy":0.54}