{"complete_time":0.385867285,"hps":{"eps_E":1.2305240043592613,"tol":4.939621743878326e-8,"eps_CL":27.06652070033241,"K":15},"opt_time":0.38576554,"accuracy":1.0}