{"complete_time":0.823768069,"hps":{"eps_E":1.042360673976402,"tol":5.95353313081437e-10,"eps_CL":55.557762223988775,"K":62},"opt_time":0.823618607,"accuracy":1.0}