{"complete_time":0.04547943,"hps":{"eps_E":0.02614673211801092,"tol":0.05256791122018422,"eps_CL":1.6681005372000588,"K":63},"opt_time":0.045342806,"accuracy":0.495}