{"complete_time":0.762549989,"hps":{"eps_E":6.379766808606282,"tol":3.618749812411277e-7,"eps_CL":1.2826498305280605,"K":75},"opt_time":0.762379739,"accuracy":0.875}