{"complete_time":0.057487009,"hps":{"eps_E":0.5366976945540475,"tol":3.0653952950565234e-10,"eps_CL":3.2174181506763717,"K":35},"opt_time":0.057371886,"accuracy":0.48}