{"complete_time":0.03096356,"hps":{"eps_E":0.011969557023590434,"tol":0.0393182875570577,"eps_CL":9.203731996618224,"K":39},"opt_time":0.030838698,"accuracy":0.445}