{"complete_time":0.40054516,"hps":{"eps_E":1.1562801312073763,"tol":4.271993966306777e-6,"eps_CL":2.6880010215376053,"K":29},"opt_time":0.400427608,"accuracy":1.0}