{"complete_time":44.283462986,"hps":{"eps_E":0.03694601205199304,"tol":8.648423275731709e-9,"eps_CL":3.108082173869064,"K":13,"num_fuzzy_steps":9},"opt_time":44.283332558,"accuracy":0.505,"accuracy_non_fuzzy":0.49}