{"complete_time":5421.828565183,"hps":{"eps_E":0.11643031329208765,"tol":0.0001,"eps_CL":0.4738879609717654,"K":25,"num_fuzzy_steps":13},"opt_time":5421.828445598,"accuracy":0.505,"accuracy_non_fuzzy":0.485}