{"complete_time":579.872580093,"hps":{"eps_E":0.05672228971644543,"tol":0.09593608287093142,"eps_CL":0.6248788072006892,"K":91,"num_fuzzy_steps":7},"opt_time":579.776465848,"accuracy":0.505,"accuracy_non_fuzzy":0.46}