{"complete_time":219.616228213,"hps":{"eps_E":1.8891927762076663,"tol":5.594325706169366e-9,"eps_CL":3.424006137971425,"K":73,"num_fuzzy_steps":5},"opt_time":219.616033096,"accuracy":0.505,"accuracy_non_fuzzy":0.99}