{"complete_time":26.301908679,"hps":{"eps_E":0.027254325312810277,"tol":2.5433457613046483e-9,"eps_CL":1.4228304572143526,"K":11,"num_fuzzy_steps":6},"opt_time":26.301803782,"accuracy":0.505,"accuracy_non_fuzzy":0.505}