{"complete_time":147.832368272,"hps":{"eps_E":0.27066520700332414,"tol":1.1325413151528103e-8,"eps_CL":2.139588871343422,"K":73,"num_fuzzy_steps":3},"opt_time":147.8321839,"accuracy":0.505,"accuracy_non_fuzzy":0.51}