{"complete_time":582.481751388,"hps":{"eps_E":0.4213321743847288,"tol":4.54629546953239e-9,"eps_CL":4.483855948021189,"K":93,"num_fuzzy_steps":5},"opt_time":582.481529973,"accuracy":0.505,"accuracy_non_fuzzy":0.505}