{"complete_time":56.33583997,"hps":{"eps_E":0.047717609489387455,"tol":3.40041193270371e-5,"eps_CL":0.6205728806776503,"K":29,"num_fuzzy_steps":8},"opt_time":56.335697615,"accuracy":0.505,"accuracy_non_fuzzy":0.425}