{"complete_time":179.528254541,"hps":{"eps_E":0.07531420165974376,"tol":0.004738879609717656,"eps_CL":0.3772042493416998,"K":49,"num_fuzzy_steps":8},"opt_time":179.528078931,"accuracy":0.505,"accuracy_non_fuzzy":0.495}