{"complete_time":404.573981861,"hps":{"eps_E":9.72720319245054,"tol":5.711586478126447e-9,"eps_CL":40.983836717572615,"K":60,"num_fuzzy_steps":4},"opt_time":404.573778188,"accuracy":0.505,"accuracy_non_fuzzy":0.65}