{"complete_time":395.104110507,"hps":{"eps_E":0.1265033720395904,"tol":0.050431594871713586,"eps_CL":2.614673211801092,"K":89,"num_fuzzy_steps":9},"opt_time":395.103916674,"accuracy":0.505,"accuracy_non_fuzzy":0.47}