{"complete_time":313.856575058,"hps":{"eps_E":0.12476595526308694,"tol":0.0030024617090855495,"eps_CL":10.715933998226712,"K":65,"num_fuzzy_steps":8},"opt_time":313.856405589,"accuracy":0.505,"accuracy_non_fuzzy":0.515}