{"complete_time":26.206008505,"hps":{"eps_E":0.2010496416260498,"tol":0.017508270317357244,"eps_CL":53.66976945540476,"K":17,"num_fuzzy_steps":5},"opt_time":26.205880596,"accuracy":0.505,"accuracy_non_fuzzy":0.505}