{"complete_time":14151.05213213,"hps":{"eps_E":0.4673795107992462,"tol":0.034716868189265594,"eps_CL":9.461848194722002,"K":5,"num_fuzzy_steps":15},"opt_time":14151.052025218,"accuracy":0.505,"accuracy_non_fuzzy":0.495}