{"complete_time":917.557243673,"hps":{"eps_E":0.031080821738690638,"tol":1.0e-9,"eps_CL":59.12508413831881,"K":52,"num_fuzzy_steps":11},"opt_time":917.557082744,"accuracy":0.505,"accuracy_non_fuzzy":0.515}