{"complete_time":177.510588676,"hps":{"eps_E":1.3005112521734088,"tol":1.0642092440647247e-6,"eps_CL":0.8708431497690722,"K":7,"num_fuzzy_steps":9},"opt_time":177.510479967,"accuracy":0.505,"accuracy_non_fuzzy":0.48}