{"complete_time":24.613544196,"hps":{"eps_E":0.023408272761782933,"tol":1.1325413151528126e-9,"eps_CL":63.358049926582545,"K":30,"num_fuzzy_steps":3},"opt_time":24.613409537,"accuracy":0.505,"accuracy_non_fuzzy":0.485}