{"complete_time":333.252604505,"hps":{"eps_E":0.047388796097176535,"tol":6.205728806776488e-10,"eps_CL":0.3044272212064303,"K":15,"num_fuzzy_steps":10},"opt_time":333.252475193,"accuracy":0.505,"accuracy_non_fuzzy":0.475}