{"complete_time":1133.774821979,"hps":{"eps_E":2.508415059277539,"tol":2.491130026067786e-8,"eps_CL":0.9461848194721999,"K":67,"num_fuzzy_steps":12},"opt_time":1133.774635726,"accuracy":0.505,"accuracy_non_fuzzy":0.955}