{"complete_time":347.003224225,"hps":{"eps_E":2.578762887593801,"tol":1.0209606623060454e-5,"eps_CL":17.50827031735725,"K":68,"num_fuzzy_steps":7},"opt_time":347.003036996,"accuracy":0.505,"accuracy_non_fuzzy":0.955}