{"complete_time":37.956081242,"hps":{"eps_E":0.8829699955494091,"tol":0.00016451905877536607,"eps_CL":4.0983836717572615,"K":8,"num_fuzzy_steps":10},"opt_time":37.955955838,"accuracy":0.505,"accuracy_non_fuzzy":0.515}