{"complete_time":539.679533905,"hps":{"eps_E":0.6696160054853222,"tol":4.0983836717572616e-8,"eps_CL":14.831025143361044,"K":94,"num_fuzzy_steps":11},"opt_time":539.6793208,"accuracy":0.505,"accuracy_non_fuzzy":0.53}