{"complete_time":1177.335490914,"hps":{"eps_E":0.24569164629827908,"tol":8.126619200091945e-6,"eps_CL":0.15037553212997382,"K":37,"num_fuzzy_steps":7},"opt_time":1177.335361818,"accuracy":0.495,"accuracy_non_fuzzy":0.485}