{"complete_time":14.282342497,"hps":{"eps_E":0.04126820845702954,"tol":0.00019023011886689438,"eps_CL":65.58685659571435,"K":10,"num_fuzzy_steps":3},"opt_time":14.282237218,"accuracy":0.505,"accuracy_non_fuzzy":0.465}