{"complete_time":732.81775525,"hps":{"eps_E":0.13369837418249464,"tol":0.0070282442643083524,"eps_CL":13.005112521734086,"K":90,"num_fuzzy_steps":14},"opt_time":732.817549159,"accuracy":0.505,"accuracy_non_fuzzy":0.455}