{"complete_time":54.538122821,"hps":{"eps_E":0.011887076977119033,"tol":2.2456979955397717e-8,"eps_CL":17.75208011717634,"K":10,"num_fuzzy_steps":13},"opt_time":54.538010075,"accuracy":0.505,"accuracy_non_fuzzy":0.465}