{"complete_time":547.975879023,"hps":{"eps_E":0.07850456200204506,"tol":0.0015459277364194785,"eps_CL":1.4327029534098306,"K":100,"num_fuzzy_steps":5},"opt_time":547.975631502,"accuracy":0.505,"accuracy_non_fuzzy":0.48}