{"max_acc":0.65,"best_params":[63,0.07904927622696424,2.7066520700332415,2.1544346900318867e-10,12]}