{"complete_time":3.944746599,"hps":{"eps_E":4.905583706365048,"tol":5.95353313081437e-9,"eps_CL":7.325965428215229,"K":6,"num_fuzzy_steps":12},"opt_time":3.944677019,"accuracy":0.65,"accuracy_non_fuzzy":0.45}