{"complete_time":2.914963795,"hps":{"eps_E":0.11169868184678232,"tol":0.004641588833612782,"eps_CL":1.5566543592710615,"K":37,"num_fuzzy_steps":5},"opt_time":2.914898746,"accuracy":0.65,"accuracy_non_fuzzy":0.95}