{"complete_time":422.844652649,"hps":{"eps_E":0.011169868184678232,"tol":0.008126619200091946,"eps_CL":0.30024617090855493,"K":17,"num_fuzzy_steps":7},"opt_time":422.844582454,"accuracy":0.65,"accuracy_non_fuzzy":0.7}