{"complete_time":12.43735819,"hps":{"eps_E":0.23086779941871685,"tol":0.0011562801312073755,"eps_CL":30.23294684405778,"K":64,"num_fuzzy_steps":7},"opt_time":12.437275686,"accuracy":0.65,"accuracy_non_fuzzy":0.95}