{"complete_time":7.347694208,"hps":{"eps_E":0.025084150592775398,"tol":3.0653952950565297e-7,"eps_CL":3.85110700232557,"K":36,"num_fuzzy_steps":12},"opt_time":7.347630074,"accuracy":0.65,"accuracy_non_fuzzy":0.75}