{"complete_time":5.162630403,"hps":{"eps_E":8.708431497690723,"tol":6.078323128297224e-6,"eps_CL":6.248788072006894,"K":34,"num_fuzzy_steps":8},"opt_time":5.162563976,"accuracy":0.65,"accuracy_non_fuzzy":0.5}