{"complete_time":12.967656317,"hps":{"eps_E":0.2821307675939472,"tol":3.002461709085543e-7,"eps_CL":51.84593543892913,"K":44,"num_fuzzy_steps":11},"opt_time":12.967595194,"accuracy":0.65,"accuracy_non_fuzzy":1.0}