{"complete_time":7.748048292,"hps":{"eps_E":0.28018665564591955,"tol":0.024399862972595502,"eps_CL":46.41588833612777,"K":66,"num_fuzzy_steps":4},"opt_time":7.747953007,"accuracy":0.65,"accuracy_non_fuzzy":0.95}