{"complete_time":2.071618855,"hps":{"eps_E":0.14627333562011302,"tol":0.0016796748720926532,"eps_CL":1.6114142772530196,"K":18,"num_fuzzy_steps":5},"opt_time":2.071554507,"accuracy":0.65,"accuracy_non_fuzzy":0.9}