{"complete_time":3.582915536,"hps":{"eps_E":0.5672228971644545,"tol":3.3306003436245885e-5,"eps_CL":14.228304572143534,"K":19,"num_fuzzy_steps":8},"opt_time":3.582861497,"accuracy":0.65,"accuracy_non_fuzzy":1.0}