{"complete_time":5.523477623,"hps":{"eps_E":0.03239742629528195,"tol":9.014776314524917e-7,"eps_CL":67.42622241778342,"K":38,"num_fuzzy_steps":9},"opt_time":5.523426265,"accuracy":0.65,"accuracy_non_fuzzy":0.8}