{"complete_time":14.794146962,"hps":{"eps_E":0.3307649780744242,"tol":1.0423606739764033e-10,"eps_CL":0.8239785684528518,"K":53,"num_fuzzy_steps":11},"opt_time":14.794073223,"accuracy":0.65,"accuracy_non_fuzzy":0.95}