{"complete_time":2.573212291,"hps":{"eps_E":0.6931717276155407,"tol":3.5444556739704353e-7,"eps_CL":1.116986818467823,"K":20,"num_fuzzy_steps":6},"opt_time":2.573158172,"accuracy":0.65,"accuracy_non_fuzzy":0.9}