{"complete_time":15.872484332,"hps":{"eps_E":0.013936192742241428,"tol":5.2567911220184196e-6,"eps_CL":1.0940547072057427,"K":41,"num_fuzzy_steps":15},"opt_time":15.872410295,"accuracy":0.65,"accuracy_non_fuzzy":0.8}