{"complete_time":14.264229915,"hps":{"eps_E":0.5594325706169377,"tol":4.939621743878305e-9,"eps_CL":14.32702953409831,"K":58,"num_fuzzy_steps":9},"opt_time":14.264175564,"accuracy":0.65,"accuracy_non_fuzzy":0.95}