{"complete_time":81.220010836,"hps":{"eps_E":2.578762887593801,"tol":0.0005831305113526219,"eps_CL":0.16913295170296483,"K":59,"num_fuzzy_steps":7},"opt_time":81.219948333,"accuracy":0.65,"accuracy_non_fuzzy":0.5}