{"complete_time":15.867486498,"hps":{"eps_E":0.14327029534098307,"tol":1.2563166024741214e-9,"eps_CL":1.3005112521734088,"K":61,"num_fuzzy_steps":10},"opt_time":15.867431778,"accuracy":0.65,"accuracy_non_fuzzy":0.95}