{"complete_time":2.366359522,"hps":{"eps_E":2.508415059277539,"tol":2.0668802496290863e-7,"eps_CL":21.84436071149426,"K":39,"num_fuzzy_steps":4},"opt_time":2.36630956,"accuracy":0.65,"accuracy_non_fuzzy":0.7}