{"complete_time":64.247769804,"hps":{"eps_E":0.10280447320933098,"tol":1.2305240043592616e-8,"eps_CL":0.6120498372476698,"K":21,"num_fuzzy_steps":11},"opt_time":64.247712593,"accuracy":0.65,"accuracy_non_fuzzy":1.0}