{"complete_time":10.532556089,"hps":{"eps_E":0.9203731996618223,"tol":3.1296480106707503e-9,"eps_CL":1.6003103137387005,"K":43,"num_fuzzy_steps":9},"opt_time":10.532510268,"accuracy":0.65,"accuracy_non_fuzzy":0.85}