{"complete_time":4.545034136,"hps":{"eps_E":0.029205555121827452,"tol":1.180516528568803e-5,"eps_CL":17.62975375287206,"K":38,"num_fuzzy_steps":7},"opt_time":4.544967806,"accuracy":0.65,"accuracy_non_fuzzy":0.85}