{"complete_time":11.623435876,"hps":{"eps_E":0.15141893253043523,"tol":1.9421746814890283e-5,"eps_CL":50.08407989848212,"K":54,"num_fuzzy_steps":9},"opt_time":11.623367979,"accuracy":0.65,"accuracy_non_fuzzy":0.95}