{"complete_time":14.439860064,"hps":{"eps_E":1.32777082935543,"tol":2.8213076759394707e-8,"eps_CL":2.2927693128656492,"K":71,"num_fuzzy_steps":8},"opt_time":14.439792538,"accuracy":0.65,"accuracy_non_fuzzy":0.45}