{"complete_time":710.414234418,"hps":{"eps_E":0.5994842503189409,"tol":0.0008470868266557402,"eps_CL":0.5256791122018423,"K":58,"num_fuzzy_steps":5},"opt_time":710.414152229,"accuracy":0.65,"accuracy_non_fuzzy":0.8}