{"complete_time":23.512922539,"hps":{"eps_E":0.34957755743632735,"tol":0.02543345761304648,"eps_CL":1.7267809038843556,"K":72,"num_fuzzy_steps":13},"opt_time":23.512857139,"accuracy":0.65,"accuracy_non_fuzzy":1.0}