{"complete_time":7.562551352,"hps":{"eps_E":7.376797602527732,"tol":3.851107002325577e-7,"eps_CL":17.030650292528442,"K":22,"num_fuzzy_steps":15},"opt_time":7.562492729,"accuracy":0.65,"accuracy_non_fuzzy":0.45}