{"complete_time":2.942614741,"hps":{"eps_E":0.8470868266557402,"tol":0.00022456979955397762,"eps_CL":24.399862972595503,"K":12,"num_fuzzy_steps":8},"opt_time":2.942554919,"accuracy":0.65,"accuracy_non_fuzzy":1.0}