{"complete_time":34.637864392,"hps":{"eps_E":3.877828414589456,"tol":7.028244264308353e-5,"eps_CL":0.5479472336900287,"K":19,"num_fuzzy_steps":12},"opt_time":34.637803822,"accuracy":0.65,"accuracy_non_fuzzy":0.65}