{"complete_time":3.543474559,"hps":{"eps_E":0.011169868184678232,"tol":5.366976945540487e-8,"eps_CL":0.24911300260677885,"K":23,"num_fuzzy_steps":3},"opt_time":3.543429978,"accuracy":0.65,"accuracy_non_fuzzy":0.75}