{"complete_time":11.113099825,"hps":{"eps_E":1.4130259905995333,"tol":7.17556091893692e-8,"eps_CL":0.4771760948938746,"K":55,"num_fuzzy_steps":6},"opt_time":11.113048717,"accuracy":0.65,"accuracy_non_fuzzy":0.65}