{"complete_time":8.638442066,"hps":{"eps_E":1.422830457214353,"tol":0.0006078323128297229,"eps_CL":37.98215306190736,"K":34,"num_fuzzy_steps":15},"opt_time":8.63837964,"accuracy":0.65,"accuracy_non_fuzzy":0.8}