{"complete_time":11.531515637,"hps":{"eps_E":0.05672228971644543,"tol":0.022927693128656487,"eps_CL":82.39785684528515,"K":76,"num_fuzzy_steps":5},"opt_time":11.53144821,"accuracy":0.65,"accuracy_non_fuzzy":1.0}