{"complete_time":7.166970613,"hps":{"eps_E":6.468607661546324,"tol":0.00030024617090855494,"eps_CL":2.110203428568595,"K":36,"num_fuzzy_steps":11},"opt_time":7.166893443,"accuracy":0.65,"accuracy_non_fuzzy":0.45}