{"complete_time":17.804604463,"hps":{"eps_E":0.06742622241778343,"tol":7.32596542821523e-6,"eps_CL":4.242556430717777,"K":78,"num_fuzzy_steps":9},"opt_time":17.804529107,"accuracy":0.65,"accuracy_non_fuzzy":0.95}