{"complete_time":14.599177487,"hps":{"eps_E":7.376797602527732,"tol":0.00018632463119315598,"eps_CL":0.3772042493416998,"K":42,"num_fuzzy_steps":13},"opt_time":14.59912406,"accuracy":0.65,"accuracy_non_fuzzy":0.4}