{"complete_time":30.928514919,"hps":{"eps_E":0.07904927622696424,"tol":2.1544346900318867e-10,"eps_CL":2.7066520700332415,"K":63,"num_fuzzy_steps":12},"opt_time":30.833182856,"accuracy":0.65,"accuracy_non_fuzzy":0.95}