{"complete_time":16.882900097,"hps":{"eps_E":0.041842885079015804,"tol":9.203731996618193e-9,"eps_CL":1.7999285067824768,"K":74,"num_fuzzy_steps":9},"opt_time":16.882846753,"accuracy":0.65,"accuracy_non_fuzzy":0.95}