{"complete_time":16.360762449,"hps":{"eps_E":2.066880249629083,"tol":0.044529585099426554,"eps_CL":0.27633852900531697,"K":49,"num_fuzzy_steps":11},"opt_time":16.360685641,"accuracy":0.65,"accuracy_non_fuzzy":0.7}