{"complete_time":4.597022888,"hps":{"eps_E":8.829699955494087,"tol":1.3369837418249453e-9,"eps_CL":0.19828839491270708,"K":27,"num_fuzzy_steps":9},"opt_time":4.596967065,"accuracy":0.35,"accuracy_non_fuzzy":0.75}