{"complete_time":12.270957491,"hps":{"eps_E":0.33306003436245885,"tol":0.0003544455673970432,"eps_CL":1.0568759711848041,"K":45,"num_fuzzy_steps":11},"opt_time":12.270909598,"accuracy":0.65,"accuracy_non_fuzzy":0.95}