{"complete_time":4.732959323,"hps":{"eps_E":0.0263281546564802,"tol":3.3306003436245817e-7,"eps_CL":2.2927693128656492,"K":31,"num_fuzzy_steps":8},"opt_time":4.732902323,"accuracy":0.65,"accuracy_non_fuzzy":0.8}