{"complete_time":23.357761135,"hps":{"eps_E":1.8891927762076663,"tol":1.1092898648952228e-10,"eps_CL":63.79766808606282,"K":63,"num_fuzzy_steps":14},"opt_time":23.357697628,"accuracy":0.65,"accuracy_non_fuzzy":0.6}