{"complete_time":4.422255738,"hps":{"eps_E":0.07275483529196232,"tol":0.0016114142772530198,"eps_CL":0.6335804992658253,"K":10,"num_fuzzy_steps":4},"opt_time":4.422200031,"accuracy":0.65,"accuracy_non_fuzzy":0.75}