{"complete_time":53.965767453,"hps":{"eps_E":1.4130259905995333,"tol":0.0007175560918936921,"eps_CL":0.1156280131207376,"K":20,"num_fuzzy_steps":11},"opt_time":53.965693384,"accuracy":0.65,"accuracy_non_fuzzy":0.95}