{"complete_time":17.547593043,"hps":{"eps_E":0.4070142453219438,"tol":7.959777002314978e-5,"eps_CL":2.4911300260677893,"K":70,"num_fuzzy_steps":10},"opt_time":17.547508468,"accuracy":0.65,"accuracy_non_fuzzy":0.8}