{"max_acc":0.7,"best_params":[17,2,3.85110700232557,2.0668802496290863e-7]}