{"complete_time":0.011165574,"hps":{"tol":5.148867450137487e-10,"eps_CL":0.3044272212064303,"G":3,"K":19},"opt_time":0.011101542,"accuracy":0.55}