{"complete_time":0.015676258,"hps":{"tol":2.3408272761782944e-9,"eps_CL":1.738762400216251,"G":1,"K":35},"opt_time":0.015623619,"accuracy":0.45}