{"complete_time":3.626691639,"hps":{"tol":3.6946012051993024e-6,"eps_CL":0.6162966255132941,"G":3,"K":21},"opt_time":3.484807612,"accuracy":0.45}