{"complete_time":0.039406884,"hps":{"tol":3.129648010670757e-7,"eps_CL":1.4228304572143526,"G":3,"K":71},"opt_time":0.039320264,"accuracy":0.45}