{"complete_time":0.0141367,"hps":{"tol":0.0005256791122018419,"eps_CL":0.21102034285685956,"G":2,"K":31},"opt_time":0.014090107,"accuracy":0.6}