{"complete_time":0.014198704,"hps":{"tol":0.06742622241778343,"eps_CL":28.018665564591952,"G":1,"K":48},"opt_time":0.014142519,"accuracy":0.55}