{"complete_time":0.026029211,"hps":{"tol":0.0007959777002314978,"eps_CL":7.531420165974372,"G":3,"K":35},"opt_time":0.025915739,"accuracy":0.5}