{"complete_time":0.049187945,"hps":{"tol":7.325965428215246e-8,"eps_CL":0.9862658461312823,"G":1,"K":77},"opt_time":0.049151926,"accuracy":0.55}