{"complete_time":0.011686403,"hps":{"tol":1.2563166024741189e-6,"eps_CL":19.02301188668944,"G":2,"K":24},"opt_time":0.011612419,"accuracy":0.5}