{"complete_time":0.292212943,"hps":{"tol":1.3936192742241406e-5,"eps_CL":0.1,"G":3,"K":52},"opt_time":0.292141592,"accuracy":0.45}