{"complete_time":0.018742995,"hps":{"tol":1.9421746814890284e-10,"eps_CL":2.801866556459195,"G":1,"K":38},"opt_time":0.018674745,"accuracy":0.4}