{"complete_time":0.091034768,"hps":{"tol":1.0209606623060454e-5,"eps_CL":3.7720424934169996,"G":2,"K":75},"opt_time":0.090938869,"accuracy":0.5}