{"complete_time":0.00820062,"hps":{"tol":4.641588833612782e-7,"eps_CL":57.91122647641758,"G":2,"K":11},"opt_time":0.008133451,"accuracy":0.55}