{"complete_time":0.008458271,"hps":{"tol":0.07028244264308349,"eps_CL":0.25258200269627845,"G":1,"K":27},"opt_time":0.008426465,"accuracy":0.45}