{"complete_time":0.048633241,"hps":{"tol":5.831305113526231e-7,"eps_CL":3.5690493456752295,"G":1,"K":73},"opt_time":0.048546456,"accuracy":0.6}