{"complete_time":0.005870298,"hps":{"tol":0.000326222200971167,"eps_CL":9.140310748756232,"G":2,"K":11},"opt_time":0.005801631,"accuracy":0.55}