{"complete_time":0.009010238,"hps":{"tol":1.0865157746525373e-5,"eps_CL":3.002461709085549,"G":1,"K":14},"opt_time":0.008976315,"accuracy":0.55}