{"complete_time":0.007386368,"hps":{"tol":1.1092898648952227e-8,"eps_CL":45.778405383766184,"G":2,"K":13},"opt_time":0.007320129,"accuracy":0.45}