{"complete_time":0.008636178,"hps":{"tol":0.008296958520834907,"eps_CL":40.983836717572615,"G":1,"K":16},"opt_time":0.008582845,"accuracy":0.55}