{"complete_time":0.024833017,"hps":{"tol":1.0209606623060454e-5,"eps_CL":1.0715933998226708,"G":1,"K":60},"opt_time":0.024745955,"accuracy":0.65}