{"complete_time":0.056415935,"hps":{"tol":2.2927693128656486e-6,"eps_CL":0.24739641008868135,"G":2,"K":66},"opt_time":0.056358254,"accuracy":0.45}