{"complete_time":0.01251123,"hps":{"tol":1.61141427725302e-6,"eps_CL":10.423606739764022,"G":1,"K":27},"opt_time":0.012478463,"accuracy":0.45}