{"complete_time":0.011408143,"hps":{"tol":2.880444153396292e-8,"eps_CL":0.14526539259467808,"G":1,"K":17},"opt_time":0.011354411,"accuracy":0.65}