{"complete_time":0.005406083,"hps":{"tol":2.1102034285685923e-8,"eps_CL":0.2614673211801092,"G":1,"K":8},"opt_time":0.005358204,"accuracy":0.45}