{"complete_time":0.005553295,"hps":{"tol":8.648423275731727e-5,"eps_CL":0.6162966255132941,"G":1,"K":14},"opt_time":0.005485448,"accuracy":0.6}