{"complete_time":0.02912542,"hps":{"tol":1.9421746814890284e-10,"eps_CL":0.21995930680300743,"G":1,"K":61},"opt_time":0.029071534,"accuracy":0.5}