{"complete_time":0.042435472,"hps":{"tol":0.0005831305113526219,"eps_CL":8.126619200091943,"G":2,"K":64},"opt_time":0.042367539,"accuracy":0.5}