{"complete_time":0.011535978,"hps":{"tol":8.648423275731709e-9,"eps_CL":0.6205728806776503,"G":1,"K":23},"opt_time":0.011499259,"accuracy":0.55}