{"complete_time":0.011802047,"hps":{"tol":0.041842885079015825,"eps_CL":16.22595287078088,"G":3,"K":57},"opt_time":0.011746191,"accuracy":0.5}