{"complete_time":0.006979386,"hps":{"tol":0.0021102034285685966,"eps_CL":7.325965428215229,"G":2,"K":21},"opt_time":0.006909042,"accuracy":0.5}