{"complete_time":0.021007077,"hps":{"tol":5.711586478126424e-10,"eps_CL":67.89406812696113,"G":1,"K":44},"opt_time":0.020958992,"accuracy":0.4}