{"complete_time":0.057580957,"hps":{"tol":8.126619200091962e-8,"eps_CL":1.1805165285688053,"G":2,"K":63},"opt_time":0.057459552,"accuracy":0.5}