{"complete_time":0.012601635,"hps":{"tol":2.0668802496290863e-7,"eps_CL":3.85110700232557,"G":2,"K":17},"opt_time":0.012542752,"accuracy":0.7}