{"complete_time":0.084738984,"hps":{"tol":2.651083601908536e-7,"eps_CL":37.46050032748993,"G":2,"K":70},"opt_time":0.084631772,"accuracy":0.5}