{"complete_time":0.042629557,"hps":{"tol":2.43998629725955e-6,"eps_CL":1.6225952870780875,"G":3,"K":69},"opt_time":0.042518731,"accuracy":0.55}