{"complete_time":0.010633268,"hps":{"tol":0.0027066520700332413,"eps_CL":0.3108082173869064,"G":3,"K":41},"opt_time":0.010526528,"accuracy":0.45}