{"complete_time":0.083054776,"hps":{"tol":1.8249932448161504e-10,"eps_CL":90.14776314524917,"G":1,"K":77},"opt_time":0.082991603,"accuracy":0.6}