{"complete_time":0.018658795,"hps":{"tol":3.1296480106707505e-6,"eps_CL":29.817722900196703,"G":1,"K":47},"opt_time":0.01857429,"accuracy":0.45}