{"complete_time":0.058300957,"hps":{"tol":4.6415888336127727e-10,"eps_CL":13.556017853293682,"G":1,"K":64},"opt_time":0.058244307,"accuracy":0.55}