{"complete_time":0.010501506,"hps":{"tol":2.389892566231048e-7,"eps_CL":12.738113231864785,"G":1,"K":16},"opt_time":0.010425319,"accuracy":0.5}