{"complete_time":0.00726795,"hps":{"tol":0.00010423606739764012,"eps_CL":11.403996019700324,"G":2,"K":10},"opt_time":0.007218024,"accuracy":0.5}