{"complete_time":0.008027168,"hps":{"tol":0.008829699955494092,"eps_CL":19.28791508020779,"G":3,"K":23},"opt_time":0.007932284,"accuracy":0.5}