{"complete_time":0.06099148,"hps":{"tol":4.2719939663067854e-7,"eps_CL":34.47764054734464,"G":2,"K":76},"opt_time":0.060933437,"accuracy":0.5}