{"complete_time":0.018606532,"hps":{"tol":6.468607661546321e-9,"eps_CL":0.1300511252173409,"G":2,"K":33},"opt_time":0.018533702,"accuracy":0.55}