{"complete_time":0.014649292,"hps":{"tol":1.0209606623060456e-6,"eps_CL":23.086779941871697,"G":3,"K":41},"opt_time":0.014588819,"accuracy":0.55}