{"complete_time":0.012557492,"hps":{"tol":1.4526539259467783e-5,"eps_CL":93.9664831495469,"G":1,"K":31},"opt_time":0.012459812,"accuracy":0.45}