{"complete_time":0.095459537,"hps":{"tol":6.742622241778335e-7,"eps_CL":5.994842503189409,"G":2,"K":77},"opt_time":0.095349314,"accuracy":0.5}