{"complete_time":0.102265459,"hps":{"tol":9.203731996618211e-6,"eps_CL":55.94325706169378,"G":2,"K":79},"opt_time":0.102165253,"accuracy":0.5}