{"complete_time":0.013670724,"hps":{"tol":1.514189325304352e-5,"eps_CL":4.609604486828435,"G":3,"K":46},"opt_time":0.013610952,"accuracy":0.55}