{"max_acc":0.8285714285714286,"best_params":[34,0.012826498305280605,0.952750047242729,3.47168681892656e-8]}