{"complete_time":2.534139515,"hps":{"eps_E":0.27254325312810285,"tol":0.0012826498305280598,"eps_CL":13.095350204826671,"K":79},"opt_time":2.533906081,"accuracy":0.6285714285714286}