{"complete_time":5.906435389,"hps":{"eps_E":6.836516004510239,"tol":0.00016796748720926532,"eps_CL":37.98215306190736,"K":26},"opt_time":5.902338744,"accuracy":0.5714285714285714}