{"complete_time":5.892363999,"hps":{"eps_E":7.427982482564914,"tol":3.93182875570577e-9,"eps_CL":0.2095662399480433,"K":67},"opt_time":5.891995076,"accuracy":0.6285714285714286}