{"complete_time":7.233626078,"hps":{"eps_E":8.183006815867392,"tol":1.9828839491270672e-5,"eps_CL":78.50456200204509,"K":36},"opt_time":7.233500834,"accuracy":0.6}