{"complete_time":6.320327685,"hps":{"eps_E":0.1413025990599534,"tol":4.271993966306776e-9,"eps_CL":1.7267809038843556,"K":30},"opt_time":6.320196188,"accuracy":0.7714285714285715}