{"complete_time":3.248708502,"hps":{"eps_E":0.04213321743847287,"tol":2.3898925662310526e-5,"eps_CL":68.36516004510239,"K":58},"opt_time":3.248473311,"accuracy":0.6285714285714286}