{"complete_time":3.540239858,"hps":{"eps_E":3.065395295056527,"tol":0.0008470868266557402,"eps_CL":0.4126820845702954,"K":74},"opt_time":3.540020754,"accuracy":0.6285714285714286}