{"complete_time":6.711401986,"hps":{"eps_E":0.23570694139967277,"tol":0.00045462954695323993,"eps_CL":28.40883690183304,"K":31},"opt_time":6.711316924,"accuracy":0.6285714285714286}