{"complete_time":2.655236317,"hps":{"eps_E":0.029817722900196717,"tol":0.0010642092440647246,"eps_CL":0.29408201705870635,"K":82},"opt_time":2.654966275,"accuracy":0.6857142857142857}