{"complete_time":3.326610914,"hps":{"eps_E":0.06379766808606278,"tol":1.1562801312073753e-5,"eps_CL":0.774263682681127,"K":71},"opt_time":3.326348533,"accuracy":0.6}