{"complete_time":4.915983494,"hps":{"eps_E":0.14526539259467813,"tol":0.0013095350204826678,"eps_CL":74.79522515621821,"K":32},"opt_time":4.915842529,"accuracy":0.7142857142857143}