{"complete_time":7.850152314,"hps":{"eps_E":5.184593543892913,"tol":1.6451905877536607e-10,"eps_CL":0.34240061379714243,"K":11},"opt_time":7.850052424,"accuracy":0.7428571428571429}