{"complete_time":8.852073942,"hps":{"eps_E":2.860595535175742,"tol":4.098383671757261e-6,"eps_CL":0.8890965989529158,"K":54},"opt_time":8.851827004,"accuracy":0.6}