{"complete_time":2.788192745,"hps":{"eps_E":0.5184593543892911,"tol":0.028213076759394707,"eps_CL":0.5148867450137494,"K":15},"opt_time":2.788031647,"accuracy":0.5714285714285714}