{"complete_time":2.740979634,"hps":{"eps_E":0.040701424532194365,"tol":3.002461709085549e-8,"eps_CL":0.12826498305280606,"K":7},"opt_time":2.740921424,"accuracy":0.45714285714285713}