{"complete_time":5.005900226,"hps":{"eps_E":0.018632463119315597,"tol":5.594325706169378e-7,"eps_CL":36.69142378402494,"K":10},"opt_time":5.005806531,"accuracy":0.5428571428571428}