{"complete_time":3.781546392,"hps":{"eps_E":0.2389892566231049,"tol":0.07175560918936924,"eps_CL":18.50407019542301,"K":46},"opt_time":3.781382782,"accuracy":0.6285714285714286}