{"complete_time":6.526819044,"hps":{"eps_E":9.461848194721997,"tol":1.7875255259042318e-5,"eps_CL":37.98215306190736,"K":90},"opt_time":6.526587941,"accuracy":0.7428571428571429}