{"complete_time":7.26367942,"hps":{"eps_E":2.1693835183851844,"tol":5.594325706169378e-7,"eps_CL":100.0,"K":63},"opt_time":7.263431326,"accuracy":0.6285714285714286}