{"complete_time":7.108345129,"hps":{"eps_E":0.9461848194722002,"tol":0.00037720424934170013,"eps_CL":49.396217438783204,"K":46},"opt_time":7.108178081,"accuracy":0.5142857142857142}