{"complete_time":5.750976073,"hps":{"eps_E":0.2669478494034322,"tol":4.838209664925967e-8,"eps_CL":69.31717276155403,"K":46},"opt_time":5.750676296,"accuracy":0.5142857142857142}