{"complete_time":5.462298641,"hps":{"eps_E":2.5609931002584587,"tol":0.00243998629725955,"eps_CL":36.94601205199302,"K":27},"opt_time":5.462178951,"accuracy":0.6857142857142857}