{"complete_time":3.295372938,"hps":{"eps_E":0.6742622241778343,"tol":0.017875255259042353,"eps_CL":0.727548352919623,"K":76},"opt_time":3.295146968,"accuracy":0.6571428571428571}