{"complete_time":4.005615727,"hps":{"eps_E":0.15352750287804234,"tol":0.00029408201705870637,"eps_CL":0.4155455334718875,"K":59},"opt_time":4.005432318,"accuracy":0.6}