{"complete_time":3.504115662,"hps":{"eps_E":0.015352750287804227,"tol":5.8313051135262186e-9,"eps_CL":13.005112521734086,"K":84},"opt_time":3.503858097,"accuracy":0.7142857142857143}