{"complete_time":9.378745758,"hps":{"eps_E":5.555776222398878,"tol":4.641588833612773e-6,"eps_CL":24.911300260677884,"K":11},"opt_time":9.378673879,"accuracy":0.8}