{"complete_time":8.537705659,"hps":{"eps_E":0.26328154656480207,"tol":7.796360130405237e-5,"eps_CL":3.044272212064302,"K":25},"opt_time":8.537610524,"accuracy":0.5142857142857142}