{"complete_time":3.009698519,"hps":{"eps_E":0.07028244264308353,"tol":1.180516528568803e-5,"eps_CL":42.42556430717777,"K":48},"opt_time":3.009576784,"accuracy":0.8285714285714286}