{"complete_time":5.842685971,"hps":{"eps_E":2.2148552337263605,"tol":0.00017148819698705392,"eps_CL":46.41588833612777,"K":47},"opt_time":5.829433586,"accuracy":0.7714285714285715}