{"complete_time":3.335224951,"hps":{"eps_E":0.22927693128656493,"tol":2.4399862972595453e-7,"eps_CL":61.204983724767025,"K":90},"opt_time":3.334994393,"accuracy":0.6285714285714286}