{"complete_time":4.618081028,"hps":{"eps_E":0.025609931002584595,"tol":0.007636298261282241,"eps_CL":0.7427982482564917,"K":53},"opt_time":4.617836667,"accuracy":0.7142857142857143}