{"complete_time":3.397767072,"hps":{"eps_E":0.41268208457029526,"tol":0.007636298261282241,"eps_CL":0.6379766808606281,"K":77},"opt_time":3.397545783,"accuracy":0.6}