{"complete_time":6.249919427,"hps":{"eps_E":5.517492376129128,"tol":0.004452958509942656,"eps_CL":18.124175473742376,"K":72},"opt_time":6.24970103,"accuracy":0.7428571428571429}