{"complete_time":3.479465585,"hps":{"eps_E":0.26510836019085376,"tol":0.09593608287093142,"eps_CL":0.6931717276155406,"K":92},"opt_time":3.479084354,"accuracy":0.7142857142857143}