{"complete_time":7.34036123,"hps":{"eps_E":8.183006815867392,"tol":2.389892566231053e-10,"eps_CL":0.4771760948938746,"K":88},"opt_time":7.340143257,"accuracy":0.7142857142857143}