{"complete_time":3.0416503,"hps":{"eps_E":0.12476595526308694,"tol":0.0013369837418249451,"eps_CL":0.5517492376129125,"K":7},"opt_time":3.041579483,"accuracy":0.6}