{"complete_time":5.697837069,"hps":{"eps_E":1.8124175473742372,"tol":1.0865157746525373e-8,"eps_CL":32.84857366030044,"K":22},"opt_time":5.697702993,"accuracy":0.6}