{"complete_time":5.678678991,"hps":{"eps_E":0.08829699955494091,"tol":3.47168681892656e-8,"eps_CL":95.93608287093147,"K":31},"opt_time":5.676016582,"accuracy":0.6285714285714286}