{"complete_time":6.445915934,"hps":{"eps_E":0.1413025990599534,"tol":6.078323128297211e-9,"eps_CL":7.583677914997189,"K":42},"opt_time":6.445770171,"accuracy":0.6285714285714286}