{"complete_time":9.039373278,"hps":{"eps_E":3.2397426295281972,"tol":6.742622241778349e-8,"eps_CL":0.3217418150676371,"K":14},"opt_time":9.039256807,"accuracy":0.6571428571428571}