{"complete_time":4.371895375,"hps":{"eps_E":1.4130259905995333,"tol":8.470868266557403e-7,"eps_CL":17.148819698705392,"K":89},"opt_time":4.371677521,"accuracy":0.6571428571428571}