{"complete_time":5.56000774,"hps":{"eps_E":0.3643858983763546,"tol":1.5783314056521132e-9,"eps_CL":25.609931002584595,"K":96},"opt_time":5.559782008,"accuracy":0.7142857142857143}