{"complete_time":3.714705615,"hps":{"eps_E":8.296958520834911,"tol":0.027633852900531698,"eps_CL":0.4155455334718875,"K":25},"opt_time":3.714610401,"accuracy":0.7714285714285715}