{"complete_time":4.690496231,"hps":{"eps_E":0.0493962174387832,"tol":1.7148819698705375e-5,"eps_CL":1.0790287915161842,"K":31},"opt_time":4.690307603,"accuracy":0.6285714285714286}