{"complete_time":4.955610617,"hps":{"eps_E":0.44529585099426566,"tol":2.880444153396298e-6,"eps_CL":10.790287915161848,"K":55},"opt_time":4.955370316,"accuracy":0.6857142857142857}