{"complete_time":8.169642484,"hps":{"eps_E":7.583677914997191,"tol":2.1102034285685964e-9,"eps_CL":4.738879609717652,"K":15},"opt_time":8.169557168,"accuracy":0.7142857142857143}