{"complete_time":9.698469998,"hps":{"eps_E":2.744343303228365,"tol":1.1092898648952227e-8,"eps_CL":12.826498305280612,"K":99},"opt_time":9.698186889,"accuracy":0.7428571428571429}