{"complete_time":5.084674366,"hps":{"eps_E":0.195565071586595,"tol":0.0595353313081437,"eps_CL":4.641588833612779,"K":78},"opt_time":5.084391114,"accuracy":0.6285714285714286}