{"complete_time":3.376203249,"hps":{"eps_E":0.5441714286865889,"tol":3.1296480106707505e-6,"eps_CL":1.2563166024741206,"K":92},"opt_time":3.375943651,"accuracy":0.7142857142857143}