{"complete_time":7.233419262,"hps":{"eps_E":1.2563166024741206,"tol":4.738879609717651e-10,"eps_CL":0.1787525525904235,"K":96},"opt_time":7.233164042,"accuracy":0.6571428571428571}