{"complete_time":7.138201178,"hps":{"eps_E":7.1261154301117475,"tol":0.016114142772530198,"eps_CL":21.102034285685942,"K":49},"opt_time":7.138051354,"accuracy":0.7142857142857143}