{"complete_time":6.948831524,"hps":{"eps_E":3.90473523688556,"tol":2.5433457613046537e-7,"eps_CL":0.11643031329208765,"K":90},"opt_time":6.94857829,"accuracy":0.7142857142857143}