{"complete_time":2.749502673,"hps":{"eps_E":0.37720424934169994,"tol":0.00010865157746525373,"eps_CL":29.205555121827466,"K":80},"opt_time":2.749341634,"accuracy":0.5428571428571428}