{"complete_time":3.401924617,"hps":{"eps_E":0.07225349491787214,"tol":0.00595353313081437,"eps_CL":9.461848194722002,"K":68},"opt_time":3.401722591,"accuracy":0.6571428571428571}