{"complete_time":2.910854081,"hps":{"eps_E":0.08015006961565405,"tol":7.028244264308338e-10,"eps_CL":11.403996019700324,"K":6},"opt_time":2.910758746,"accuracy":0.5142857142857142}