{"complete_time":5.512386776,"hps":{"eps_E":0.020384933982524632,"tol":1.3936192742241434e-10,"eps_CL":1.3095350204826675,"K":88},"opt_time":5.512206321,"accuracy":0.7428571428571429}