{"complete_time":3.618773505,"hps":{"eps_E":0.08470868266557406,"tol":0.03330600343624589,"eps_CL":0.8708431497690722,"K":87},"opt_time":3.618525521,"accuracy":0.5714285714285714}