{"complete_time":3.925320474,"hps":{"eps_E":1.7875255259042346,"tol":2.2927693128656486e-6,"eps_CL":90.77326525210223,"K":34},"opt_time":3.925177532,"accuracy":0.6571428571428571}