{"complete_time":3.973142406,"hps":{"eps_E":0.061204983724766966,"tol":2.5433457613046537e-7,"eps_CL":0.19692202554791724,"K":53},"opt_time":3.972809918,"accuracy":0.7428571428571429}