{"complete_time":7.259485869,"hps":{"eps_E":1.0642092440647242,"tol":1.2052609368708414e-10,"eps_CL":0.21693835183851842,"K":94},"opt_time":7.259149035,"accuracy":0.7714285714285715}