{"complete_time":2.478798189,"hps":{"eps_E":0.8126619200091943,"tol":0.09794696670695391,"eps_CL":0.14933932161242525,"K":96},"opt_time":2.478278431,"accuracy":0.6571428571428571}