{"complete_time":2.185479987,"hps":{"eps_E":0.3618749812411278,"tol":0.05594325706169378,"eps_CL":0.5517492376129125,"K":22},"opt_time":2.183321048,"accuracy":0.5714285714285714}