{"complete_time":6.204017817,"hps":{"eps_E":3.8245697224670003,"tol":4.271993966306777e-10,"eps_CL":0.4155455334718875,"K":48},"opt_time":6.203840275,"accuracy":0.6571428571428571}