{"complete_time":5.021791438,"hps":{"eps_E":0.0823978568452852,"tol":3.002461709085543e-10,"eps_CL":2.0244465099768045,"K":74},"opt_time":5.021579478,"accuracy":0.6}