{"complete_time":2.505045602,"hps":{"eps_E":0.05633142670601358,"tol":0.000312964801067075,"eps_CL":8.708431497690722,"K":65},"opt_time":2.504856795,"accuracy":0.7714285714285715}