{"complete_time":3.108227106,"hps":{"eps_E":2.744343303228365,"tol":0.00013095350204826676,"eps_CL":0.11969557023590434,"K":44},"opt_time":3.10808113,"accuracy":0.6571428571428571}