{"complete_time":6.800203617,"hps":{"eps_E":0.9331897715733236,"tol":5.831305113526219e-10,"eps_CL":1.7752080117176348,"K":25},"opt_time":6.799880443,"accuracy":0.6285714285714286}