{"complete_time":5.320161689,"hps":{"eps_E":3.00246170908555,"tol":9.39664831495469e-6,"eps_CL":0.39591102664684596,"K":93},"opt_time":5.319902284,"accuracy":0.8285714285714286}