{"complete_time":3.942858886,"hps":{"eps_E":0.011092898648952227,"tol":2.0244465099768016e-5,"eps_CL":54.4171428686589,"K":45},"opt_time":3.942624782,"accuracy":0.6571428571428571}