{"complete_time":7.011305801,"hps":{"eps_E":7.077010661181889,"tol":2.5433457613046483e-9,"eps_CL":0.12052609368708422,"K":33},"opt_time":7.011171585,"accuracy":0.6}