{"complete_time":3.261747008,"hps":{"eps_E":0.061629662551329394,"tol":4.546295469532399e-8,"eps_CL":20.52637752709251,"K":60},"opt_time":3.261494885,"accuracy":0.7714285714285715}