{"complete_time":4.609798487,"hps":{"eps_E":0.03044272212064303,"tol":0.0019421746814890265,"eps_CL":21.395888713434225,"K":56},"opt_time":4.609627769,"accuracy":0.6571428571428571}