{"complete_time":2.755562524,"hps":{"eps_E":0.28605955351757434,"tol":9.014776314524917e-7,"eps_CL":0.17030650292528443,"K":5},"opt_time":2.75545715,"accuracy":0.6285714285714286}