{"complete_time":5.015774787,"hps":{"eps_E":0.6979813907830662,"tol":0.028213076759394707,"eps_CL":4.9055837063650465,"K":54},"opt_time":5.015598492,"accuracy":0.7428571428571429}