{"complete_time":6.431366856,"hps":{"eps_E":0.11483124145435106,"tol":2.1995930680300702e-10,"eps_CL":18.632463119315606,"K":25},"opt_time":6.431200061,"accuracy":0.6}