{"complete_time":3.170818983,"hps":{"eps_E":4.391800892596087,"tol":0.09014776314524918,"eps_CL":1.3556017853293685,"K":38},"opt_time":3.170675055,"accuracy":0.7142857142857143}