{"complete_time":4.026044675,"hps":{"eps_E":0.06292146109610344,"tol":1.86324631193156e-9,"eps_CL":3.7982153061907353,"K":64},"opt_time":4.025847578,"accuracy":0.7428571428571429}