{"complete_time":4.522982758,"hps":{"eps_E":0.0774263682681127,"tol":1.9023011886689418e-5,"eps_CL":51.48867450137492,"K":23},"opt_time":4.522885305,"accuracy":0.6}