{"complete_time":6.256646057,"hps":{"eps_E":5.44171428686589,"tol":2.763385290053167e-5,"eps_CL":7.959777002314985,"K":99},"opt_time":6.256415852,"accuracy":0.7428571428571429}