{"complete_time":2.389130677,"hps":{"eps_E":0.03720236681413066,"tol":1.422830457214355e-8,"eps_CL":13.840160965731316,"K":69},"opt_time":2.388998835,"accuracy":0.8}