{"complete_time":0.065258267,"hps":{"eps_E":0.8768856094587426,"tol":2.0668802496290863e-7,"eps_CL":3.85110700232557,"K":17},"opt_time":0.065228731,"accuracy":1.0}