{"complete_time":0.088945636,"hps":{"eps_E":0.044222739805058996,"tol":5.711586478126424e-10,"eps_CL":67.89406812696113,"K":44},"opt_time":0.088882666,"accuracy":1.0}