{"complete_time":0.029819332,"hps":{"eps_E":7.225349491787212,"tol":0.0007959777002314978,"eps_CL":7.531420165974372,"K":35},"opt_time":0.029761734,"accuracy":0.45}