{"complete_time":0.021103411,"hps":{"eps_E":0.3108082173869064,"tol":9.203731996618211e-6,"eps_CL":55.94325706169378,"K":79},"opt_time":0.021029415,"accuracy":0.45}