{"complete_time":0.055602492,"hps":{"eps_E":0.5871766390733257,"tol":4.641588833612782e-7,"eps_CL":57.91122647641758,"K":11},"opt_time":0.055547195,"accuracy":1.0}