{"complete_time":0.032728683,"hps":{"eps_E":4.098383671757262,"tol":0.008829699955494092,"eps_CL":19.28791508020779,"K":23},"opt_time":0.032697319,"accuracy":0.45}