{"complete_time":0.03010565,"hps":{"eps_E":0.014526539259467812,"tol":1.9421746814890284e-10,"eps_CL":2.801866556459195,"K":38},"opt_time":0.030076792,"accuracy":0.8}