{"complete_time":0.024728085,"hps":{"eps_E":0.014032890847858725,"tol":7.325965428215246e-8,"eps_CL":0.9862658461312823,"K":77},"opt_time":0.024693978,"accuracy":0.75}