{"complete_time":0.046354663,"hps":{"eps_E":6.931717276155404,"tol":5.148867450137487e-10,"eps_CL":0.3044272212064303,"K":19},"opt_time":0.046328653,"accuracy":0.55}