{"complete_time":0.029612502,"hps":{"eps_E":8.529644499741021,"tol":1.514189325304352e-5,"eps_CL":4.609604486828435,"K":46},"opt_time":0.029582197,"accuracy":0.4}