{"complete_time":0.029250513,"hps":{"eps_E":0.1086515774652538,"tol":0.00010423606739764012,"eps_CL":11.403996019700324,"K":10},"opt_time":0.029223084,"accuracy":0.9}