{"complete_time":0.059666502,"hps":{"eps_E":0.010790287915161841,"tol":1.0865157746525373e-5,"eps_CL":3.002461709085549,"K":14},"opt_time":0.059636721,"accuracy":0.85}