{"complete_time":0.059930985,"hps":{"eps_E":0.035444556739704335,"tol":2.3408272761782944e-9,"eps_CL":1.738762400216251,"K":35},"opt_time":0.059905495,"accuracy":0.9}