{"complete_time":0.026555022,"hps":{"eps_E":0.15141893253043523,"tol":8.126619200091962e-8,"eps_CL":1.1805165285688053,"K":63},"opt_time":0.026490889,"accuracy":0.45}