{"complete_time":0.017868179,"hps":{"eps_E":0.6162966255132941,"tol":1.0209606623060454e-5,"eps_CL":3.7720424934169996,"K":75},"opt_time":0.017799455,"accuracy":0.4}