{"complete_time":0.088395454,"hps":{"eps_E":0.05871766390733255,"tol":1.4526539259467783e-5,"eps_CL":93.9664831495469,"K":31},"opt_time":0.088363953,"accuracy":1.0}