{"complete_time":87.943299045,"hps":{"eps_E":3.746050032748992,"tol":0.0009794696670695387,"eps_CL":7.225349491787216,"K":49,"num_fuzzy_steps":11},"opt_time":87.943140559,"accuracy":0.54,"accuracy_non_fuzzy":0.495}