{"complete_time":51.615638114,"hps":{"eps_E":0.028408836901833042,"tol":1.4526539259467783e-9,"eps_CL":0.1775208011717635,"K":57,"num_fuzzy_steps":4},"opt_time":51.615462925,"accuracy":0.46,"accuracy_non_fuzzy":0.905}