{"complete_time":356.319913755,"hps":{"eps_E":2.081221569986339,"tol":3.0653952950565297e-7,"eps_CL":66.50018030431119,"K":90,"num_fuzzy_steps":13},"opt_time":356.319727397,"accuracy":0.54,"accuracy_non_fuzzy":0.49}