{"complete_time":89.490881084,"hps":{"eps_E":3.4957755743632744,"tol":7.796360130405237e-5,"eps_CL":22.148552337263602,"K":44,"num_fuzzy_steps":11},"opt_time":89.490737064,"accuracy":0.54,"accuracy_non_fuzzy":0.63}