{"complete_time":40.22278242,"hps":{"eps_E":0.06742622241778343,"tol":3.3306003436245817e-7,"eps_CL":1.3005112521734088,"K":67,"num_fuzzy_steps":3},"opt_time":40.222612387,"accuracy":0.54,"accuracy_non_fuzzy":0.995}