{"complete_time":93.481827784,"hps":{"eps_E":0.14228304572143527,"tol":2.596655972934867e-5,"eps_CL":6.836516004510237,"K":86,"num_fuzzy_steps":5},"opt_time":93.481648277,"accuracy":0.54,"accuracy_non_fuzzy":0.995}