{"complete_time":55.115823465,"hps":{"eps_E":0.028213076759394707,"tol":2.880444153396292e-8,"eps_CL":0.14526539259467808,"K":21,"num_fuzzy_steps":12},"opt_time":55.115689877,"accuracy":0.54,"accuracy_non_fuzzy":0.89}