{"complete_time":561.270065957,"hps":{"eps_E":0.3447764054734464,"tol":0.0004939621743878321,"eps_CL":1.1483124145435109,"K":43,"num_fuzzy_steps":15},"opt_time":561.269914321,"accuracy":0.54,"accuracy_non_fuzzy":0.995}