{"complete_time":5339.240246007,"hps":{"eps_E":1.1092898648952225,"tol":1.1805165285688055e-6,"eps_CL":0.11483124145435111,"K":36,"num_fuzzy_steps":12},"opt_time":5339.240102308,"accuracy":0.54,"accuracy_non_fuzzy":0.68}