{"complete_time":40.259166205,"hps":{"eps_E":0.9267593301146878,"tol":0.0595353313081437,"eps_CL":0.8126619200091943,"K":12,"num_fuzzy_steps":11},"opt_time":40.259060155,"accuracy":0.54,"accuracy_non_fuzzy":1.0}