{"complete_time":34.525036197,"hps":{"eps_E":0.356904934567523,"tol":0.011092898648952227,"eps_CL":5.555776222398876,"K":14,"num_fuzzy_steps":9},"opt_time":34.524924875,"accuracy":0.54,"accuracy_non_fuzzy":1.0}