{"complete_time":264.676274446,"hps":{"eps_E":0.7531420165974372,"tol":1.6796748720926531e-10,"eps_CL":0.500840798984821,"K":96,"num_fuzzy_steps":9},"opt_time":264.676077021,"accuracy":0.54,"accuracy_non_fuzzy":0.995}