{"complete_time":252.37063137,"hps":{"eps_E":0.3643858983763546,"tol":3.1952475057592136e-10,"eps_CL":0.44222739805058997,"K":81,"num_fuzzy_steps":14},"opt_time":252.37045565,"accuracy":0.54,"accuracy_non_fuzzy":0.995}