{"complete_time":24.305535209,"hps":{"eps_E":0.050431594871713614,"tol":2.1102034285685923e-8,"eps_CL":0.2614673211801092,"K":9,"num_fuzzy_steps":6},"opt_time":24.305417069,"accuracy":0.54,"accuracy_non_fuzzy":0.825}