{"complete_time":69.182932374,"hps":{"eps_E":0.024739641008868142,"tol":2.3898925662310527e-8,"eps_CL":3.520031472796681,"K":68,"num_fuzzy_steps":5},"opt_time":69.182760422,"accuracy":0.54,"accuracy_non_fuzzy":0.87}