{"complete_time":134.560524216,"hps":{"eps_E":0.0361874981241128,"tol":4.2719939663067854e-7,"eps_CL":58.313051135262214,"K":64,"num_fuzzy_steps":9},"opt_time":134.560358501,"accuracy":0.54,"accuracy_non_fuzzy":0.84}