{"complete_time":1505.968902504,"hps":{"eps_E":0.027633852900531698,"tol":4.838209664925967e-8,"eps_CL":0.2024446509976804,"K":45,"num_fuzzy_steps":11},"opt_time":1505.968763436,"accuracy":0.54,"accuracy_non_fuzzy":0.855}