{"complete_time":150.310195658,"hps":{"eps_E":0.015783314056521173,"tol":6.742622241778349e-8,"eps_CL":1.086515774652538,"K":92,"num_fuzzy_steps":7},"opt_time":150.310013391,"accuracy":0.54,"accuracy_non_fuzzy":0.895}