{"complete_time":51.154820512,"hps":{"eps_E":0.021995930680300747,"tol":4.5462954695323996e-6,"eps_CL":80.15006961565405,"K":10,"num_fuzzy_steps":15},"opt_time":51.154712904,"accuracy":0.54,"accuracy_non_fuzzy":0.82}