{"complete_time":30.310672444,"hps":{"eps_E":0.013936192742241428,"tol":8.648423275731727e-5,"eps_CL":0.6162966255132941,"K":17,"num_fuzzy_steps":6},"opt_time":30.310556544,"accuracy":0.54,"accuracy_non_fuzzy":0.835}