{"complete_time":148.681090061,"hps":{"eps_E":0.013277708293554298,"tol":3.1296480106707505e-6,"eps_CL":29.817722900196703,"K":58,"num_fuzzy_steps":13},"opt_time":148.6809319,"accuracy":0.54,"accuracy_non_fuzzy":0.86}