{"complete_time":43.272502059,"hps":{"eps_E":0.03330600343624589,"tol":1.6114142772530166e-10,"eps_CL":4.301635758106796,"K":20,"num_fuzzy_steps":10},"opt_time":43.272346682,"accuracy":0.54,"accuracy_non_fuzzy":0.89}