{"complete_time":51.125964048,"hps":{"eps_E":0.24231727942375983,"tol":3.262222009711673e-8,"eps_CL":50.78152112327673,"K":20,"num_fuzzy_steps":11},"opt_time":51.125809117,"accuracy":0.54,"accuracy_non_fuzzy":1.0}