{"complete_time":1144.486633564,"hps":{"eps_E":7.175560918936925,"tol":1.3650078065460138e-10,"eps_CL":0.2038493398252463,"K":46,"num_fuzzy_steps":15},"opt_time":1144.486483768,"accuracy":0.54,"accuracy_non_fuzzy":0.515}