{"complete_time":30.308355044,"hps":{"eps_E":0.025258200269627846,"tol":2.821307675939471e-10,"eps_CL":0.11247371783647517,"K":35,"num_fuzzy_steps":3},"opt_time":30.308221113,"accuracy":0.54,"accuracy_non_fuzzy":0.855}