{"complete_time":31.317485765,"hps":{"eps_E":1.3556017853293683,"tol":0.019421746814890263,"eps_CL":59.94842503189409,"K":19,"num_fuzzy_steps":7},"opt_time":31.317362874,"accuracy":0.54,"accuracy_non_fuzzy":0.995}