{"complete_time":126.246367232,"hps":{"eps_E":0.7742636826811272,"tol":0.0012305240043592616,"eps_CL":42.13321743847289,"K":43,"num_fuzzy_steps":14},"opt_time":126.246212084,"accuracy":0.54,"accuracy_non_fuzzy":0.995}