{"complete_time":36.877804388,"hps":{"eps_E":0.5008407989848211,"tol":4.54629546953239e-9,"eps_CL":0.6248788072006892,"K":62,"num_fuzzy_steps":3},"opt_time":36.877647199,"accuracy":0.54,"accuracy_non_fuzzy":0.99}