{"complete_time":297.098397201,"hps":{"eps_E":0.221485523372636,"tol":3.12964801067075e-5,"eps_CL":0.599484250318941,"K":92,"num_fuzzy_steps":12},"opt_time":297.0982141,"accuracy":0.54,"accuracy_non_fuzzy":0.995}