{"complete_time":59.506019573,"hps":{"eps_E":7.583677914997191,"tol":4.641588833612782e-7,"eps_CL":2.27697025538168,"K":28,"num_fuzzy_steps":10},"opt_time":59.505878447,"accuracy":0.54,"accuracy_non_fuzzy":0.495}