{"complete_time":2768.759299236,"hps":{"eps_E":1.9287915080207787,"tol":0.001714881969870541,"eps_CL":0.2245697995539774,"K":88,"num_fuzzy_steps":15},"opt_time":2768.759112591,"accuracy":0.46,"accuracy_non_fuzzy":1.0}