{"complete_time":91.604195495,"hps":{"eps_E":0.26328154656480207,"tol":8.126619200091946e-9,"eps_CL":55.557762223988775,"K":45,"num_fuzzy_steps":10},"opt_time":91.60405293,"accuracy":0.54,"accuracy_non_fuzzy":0.99}