{"complete_time":95.724452408,"hps":{"eps_E":0.025258200269627846,"tol":1.61141427725302e-6,"eps_CL":10.423606739764022,"K":33,"num_fuzzy_steps":14},"opt_time":95.724315065,"accuracy":0.54,"accuracy_non_fuzzy":0.86}