{"complete_time":462.577549599,"hps":{"eps_E":0.37982153061907353,"tol":0.0005256791122018419,"eps_CL":0.21102034285685956,"K":37,"num_fuzzy_steps":14},"opt_time":462.577404298,"accuracy":0.54,"accuracy_non_fuzzy":0.995}