{"complete_time":4660.143060522,"hps":{"eps_E":5.791122647641759,"tol":0.07959777002314981,"eps_CL":0.2340827276178293,"K":20,"num_fuzzy_steps":9},"opt_time":4660.142943439,"accuracy":0.54,"accuracy_non_fuzzy":0.47}