{"complete_time":543.846677649,"hps":{"eps_E":0.05256791122018422,"tol":0.0077963601304052365,"eps_CL":0.23570694139967277,"K":46,"num_fuzzy_steps":4},"opt_time":543.846518621,"accuracy":0.54,"accuracy_non_fuzzy":0.87}