{"complete_time":609.107736051,"hps":{"eps_E":4.905583706365048,"tol":3.6946012051993024e-6,"eps_CL":0.6162966255132941,"K":26,"num_fuzzy_steps":8},"opt_time":609.011602068,"accuracy":0.54,"accuracy_non_fuzzy":0.505}