{"complete_time":57.418583254,"hps":{"eps_E":0.8768856094587426,"tol":2.0668802496290863e-7,"eps_CL":3.85110700232557,"K":20,"num_fuzzy_steps":13},"opt_time":57.418470692,"accuracy":0.54,"accuracy_non_fuzzy":1.0}