{"complete_time":157.413616792,"hps":{"eps_E":0.05148867450137495,"tol":1.0642092440647225e-10,"eps_CL":0.9999999999999998,"K":51,"num_fuzzy_steps":15},"opt_time":157.413466599,"accuracy":0.54,"accuracy_non_fuzzy":0.865}