{"complete_time":82.648868957,"hps":{"eps_E":0.017752080117176352,"tol":5.148867450137487e-10,"eps_CL":5.871766390733257,"K":47,"num_fuzzy_steps":10},"opt_time":82.64870693,"accuracy":0.54,"accuracy_non_fuzzy":0.92}