{"complete_time":113.156846231,"hps":{"eps_E":0.014526539259467812,"tol":1.9421746814890284e-10,"eps_CL":2.801866556459195,"K":47,"num_fuzzy_steps":14},"opt_time":113.156696892,"accuracy":0.54,"accuracy_non_fuzzy":0.92}