{"complete_time":98.620641933,"hps":{"eps_E":0.15141893253043523,"tol":8.126619200091962e-8,"eps_CL":1.1805165285688053,"K":78,"num_fuzzy_steps":6},"opt_time":98.620468166,"accuracy":0.54,"accuracy_non_fuzzy":0.99}