{"complete_time":441.648025763,"hps":{"eps_E":0.021995930680300747,"tol":0.013936192742241428,"eps_CL":0.599484250318941,"K":36,"num_fuzzy_steps":12},"opt_time":441.647860229,"accuracy":0.54,"accuracy_non_fuzzy":0.92}