{"complete_time":87.817098246,"hps":{"eps_E":0.06205728806776504,"tol":2.154434690031878e-9,"eps_CL":22.612800663372774,"K":31,"num_fuzzy_steps":13},"opt_time":87.816960861,"accuracy":0.54,"accuracy_non_fuzzy":0.86}