{"complete_time":55.564914205,"hps":{"eps_E":1.422830457214353,"tol":0.0012563166024741202,"eps_CL":22.45697995539774,"K":63,"num_fuzzy_steps":4},"opt_time":55.564721919,"accuracy":0.54,"accuracy_non_fuzzy":0.765}