{"complete_time":172.792890502,"hps":{"eps_E":6.604193962330306,"tol":1.422830457214352e-7,"eps_CL":1.6796748720926535,"K":84,"num_fuzzy_steps":7},"opt_time":172.792693416,"accuracy":0.54,"accuracy_non_fuzzy":0.46}