{"complete_time":134.216780867,"hps":{"eps_E":0.37202366814130666,"tol":1.6796748720926532e-5,"eps_CL":0.4771760948938746,"K":54,"num_fuzzy_steps":15},"opt_time":134.216608087,"accuracy":0.54,"accuracy_non_fuzzy":0.995}