{"max_acc":0.575,"best_params":[47,23,0.13369837418249467,6.335804992658241e-6]}