{"complete_time":12.073794099,"hps":{"tol":5.711586478126447e-9,"eps_CL":40.983836717572615,"G":29,"K":60},"opt_time":12.073477654,"accuracy":0.5}