{"complete_time":6.687070022,"hps":{"tol":0.0068839520696454964,"eps_CL":1.8504070195423021,"G":12,"K":30},"opt_time":6.686779494,"accuracy":0.545}