{"complete_time":11.823168679,"hps":{"tol":3.4716868189265596e-6,"eps_CL":0.12563166024741204,"G":14,"K":40},"opt_time":11.822870273,"accuracy":0.53}