{"complete_time":2.228838686,"hps":{"tol":3.12964801067075e-8,"eps_CL":57.91122647641758,"G":5,"K":12},"opt_time":2.228665649,"accuracy":0.475}