{"complete_time":70.421362538,"hps":{"tol":0.00020668802496290822,"eps_CL":94.61848194721998,"G":21,"K":90},"opt_time":70.42102798,"accuracy":0.45}