{"complete_time":3.606139254,"hps":{"tol":0.0019828839491270716,"eps_CL":0.18249932448161524,"G":25,"K":17},"opt_time":3.605867431,"accuracy":0.535}