{"complete_time":59.996563467,"hps":{"tol":0.0009203731996618221,"eps_CL":0.5831305113526223,"G":21,"K":75},"opt_time":59.996283643,"accuracy":0.495}