{"complete_time":17.657636027,"hps":{"tol":2.1544346900318866e-8,"eps_CL":0.5517492376129125,"G":14,"K":56},"opt_time":17.657385331,"accuracy":0.57}