{"complete_time":3.024029124,"hps":{"tol":6.205728806776488e-10,"eps_CL":0.3044272212064303,"G":7,"K":15},"opt_time":3.023851866,"accuracy":0.51}