{"complete_time":48.629123438,"hps":{"tol":6.335804992658241e-6,"eps_CL":0.13369837418249467,"G":23,"K":47},"opt_time":48.628852528,"accuracy":0.575}