{"complete_time":6.226232609,"hps":{"tol":1.1325413151528127e-7,"eps_CL":0.7077010661181887,"G":16,"K":26},"opt_time":6.226011508,"accuracy":0.545}