{"complete_time":35.033276045,"hps":{"tol":5.0431594871713585e-6,"eps_CL":13.650078065460137,"G":6,"K":82},"opt_time":35.032979896,"accuracy":0.5}