{"complete_time":2.870731786,"hps":{"tol":0.00022927693128656486,"eps_CL":34.00411932703706,"G":12,"K":18},"opt_time":2.870530354,"accuracy":0.495}