{"complete_time":68.121776817,"hps":{"tol":0.0003544455673970432,"eps_CL":10.209606623060465,"G":22,"K":83},"opt_time":68.121466613,"accuracy":0.45}