{"complete_time":8.906333761,"hps":{"tol":8.126619200091945e-6,"eps_CL":0.15037553212997382,"G":14,"K":37},"opt_time":8.906083658,"accuracy":0.485}