{"complete_time":8.421636113,"hps":{"tol":0.001422830457214352,"eps_CL":0.15037553212997382,"G":25,"K":36},"opt_time":8.421376719,"accuracy":0.46}