{"complete_time":15.298577767,"hps":{"tol":4.641588833612782e-7,"eps_CL":52.205675278469755,"G":5,"K":98},"opt_time":15.298354695,"accuracy":0.485}