{"complete_time":57.510801599,"hps":{"tol":0.0011805165285688056,"eps_CL":5.633142670601353,"G":25,"K":73},"opt_time":57.510505027,"accuracy":0.49}