{"complete_time":0.328801727,"hps":{"tol":1.1805165285688031e-7,"eps_CL":4.673795107992462,"G":1,"K":7},"opt_time":0.328677779,"accuracy":0.525}