{"complete_time":22.339619044,"hps":{"tol":0.08648423275731722,"eps_CL":4.0983836717572615,"G":17,"K":66},"opt_time":22.339347822,"accuracy":0.5}