{"complete_time":2.227957463,"hps":{"tol":0.00011805165285688056,"eps_CL":25.084150592775387,"G":19,"K":13},"opt_time":2.227637854,"accuracy":0.52}