{"complete_time":75.532591569,"hps":{"tol":4.0983836717572616e-8,"eps_CL":14.831025143361044,"G":18,"K":94},"opt_time":75.532294058,"accuracy":0.5}