{"complete_time":2.476035305,"hps":{"tol":9.39664831495469e-6,"eps_CL":0.27633852900531697,"G":6,"K":33},"opt_time":2.47583915,"accuracy":0.49}