{"complete_time":6.68314443,"hps":{"tol":1.1325413151528126e-9,"eps_CL":63.358049926582545,"G":4,"K":30},"opt_time":6.682978063,"accuracy":0.45}