{"complete_time":2.112062053,"hps":{"tol":1.2305240043592616e-5,"eps_CL":0.2981772290019672,"G":21,"K":11},"opt_time":2.111817242,"accuracy":0.515}