{"complete_time":8.380720092,"hps":{"tol":0.000939664831495469,"eps_CL":1.1643031329208764,"G":7,"K":37},"opt_time":8.380492035,"accuracy":0.475}