{"complete_time":3.632947066,"hps":{"tol":1.0209606623060454e-5,"eps_CL":1.2563166024741206,"G":6,"K":18},"opt_time":3.632773242,"accuracy":0.535}