{"complete_time":2.545326026,"hps":{"tol":5.148867450137498e-5,"eps_CL":7.689283720758313,"G":17,"K":34},"opt_time":2.545033508,"accuracy":0.465}