{"complete_time":6.648680591,"hps":{"tol":0.003931828755705771,"eps_CL":0.1787525525904235,"G":27,"K":46},"opt_time":6.648382257,"accuracy":0.505}