{"complete_time":10.144411477,"hps":{"tol":1.4526539259467812e-6,"eps_CL":8.829699955494092,"G":2,"K":84},"opt_time":10.144217898,"accuracy":0.485}