{"complete_time":10.627385947,"hps":{"tol":4.546295469532399e-8,"eps_CL":1.3369837418249462,"G":26,"K":69},"opt_time":10.627041228,"accuracy":0.52}