{"complete_time":1.679232852,"hps":{"tol":5.8313051135262186e-9,"eps_CL":9.461848194722002,"G":28,"K":9},"opt_time":1.678944574,"accuracy":0.475}