{"complete_time":2.305934097,"hps":{"tol":0.0326222200971167,"eps_CL":9.077326525210223,"G":2,"K":55},"opt_time":2.305715611,"accuracy":0.485}