{"complete_time":52.444631164,"hps":{"tol":2.491130026067791e-6,"eps_CL":18.891927762076662,"G":21,"K":62},"opt_time":52.444366701,"accuracy":0.48}