{"complete_time":5.67788388,"hps":{"tol":0.0036187498124112803,"eps_CL":1.9155005555735278,"G":5,"K":69},"opt_time":5.677694062,"accuracy":0.48}