{"complete_time":4.200144413,"hps":{"tol":4.098383671757253e-10,"eps_CL":18.124175473742376,"G":23,"K":19},"opt_time":4.199889038,"accuracy":0.49}