{"complete_time":4.607190418,"hps":{"tol":1.4526539259467812e-6,"eps_CL":4.546295469532399,"G":10,"K":72},"opt_time":4.606942754,"accuracy":0.515}