{"complete_time":11.016412324,"hps":{"tol":0.0012305240043592616,"eps_CL":28.018665564591952,"G":16,"K":56},"opt_time":11.016133527,"accuracy":0.49}