{"complete_time":7.319410498,"hps":{"tol":0.02543345761304648,"eps_CL":0.1600310313738701,"G":9,"K":95},"opt_time":7.319126699,"accuracy":0.5}