{"complete_time":7.844278047,"hps":{"tol":1.7875255259042318e-5,"eps_CL":1.1969557023590434,"G":14,"K":31},"opt_time":7.843999599,"accuracy":0.515}