{"complete_time":9.82300421,"hps":{"tol":0.05594325706169378,"eps_CL":0.9396648314954695,"G":13,"K":76},"opt_time":9.822753625,"accuracy":0.485}