{"complete_time":42.744297334,"hps":{"tol":0.09593608287093142,"eps_CL":0.6248788072006892,"G":8,"K":91},"opt_time":42.577774435,"accuracy":0.54}