{"complete_time":4.291330838,"hps":{"tol":5.594325706169366e-10,"eps_CL":0.46096044868284336,"G":6,"K":42},"opt_time":4.291122259,"accuracy":0.51}