{"complete_time":51.807026263,"hps":{"tol":1.1562801312073731e-9,"eps_CL":3.6691423784024932,"G":23,"K":52},"opt_time":51.806742754,"accuracy":0.56}