{"complete_time":10.130968008,"hps":{"tol":4.838209664925958e-10,"eps_CL":0.3108082173869064,"G":15,"K":41},"opt_time":10.130688867,"accuracy":0.5}