{"complete_time":0.733590716,"hps":{"tol":2.2456979955397717e-8,"eps_CL":17.75208011717634,"G":1,"K":10},"opt_time":0.733462738,"accuracy":0.47}