{"complete_time":8.084762417,"hps":{"tol":7.32596542821523e-5,"eps_CL":0.7531420165974374,"G":9,"K":100},"opt_time":8.084501036,"accuracy":0.46}