{"complete_time":0.262526503,"hps":{"tol":0.0019421746814890265,"eps_CL":0.11325413151528117,"G":1,"K":5},"opt_time":0.262402818,"accuracy":0.495}