{"complete_time":2.483674914,"hps":{"tol":1.9023011886689457e-9,"eps_CL":32.622220097116696,"G":5,"K":13},"opt_time":2.483483072,"accuracy":0.545}