{"complete_time":4.744027599,"hps":{"tol":8.470868266557403e-7,"eps_CL":88.90965989529163,"G":6,"K":44},"opt_time":4.743823418,"accuracy":0.475}