{"complete_time":2140.381256821,"hps":{"eps_E":0.041842885079015804,"tol":6.205728806776501e-6,"eps_CL":0.9331897715733236,"K":83,"num_fuzzy_steps":7},"opt_time":2140.380900356,"accuracy":0.42857142857142855}