{"complete_time":4080.231111604,"hps":{"eps_E":0.9461848194722002,"tol":0.1,"eps_CL":0.25609931002584596,"K":32,"num_fuzzy_steps":9},"opt_time":4080.230973006,"accuracy":0.5714285714285714}