{"complete_time":1482.845358201,"hps":{"eps_E":0.48048704396551317,"tol":3.47168681892656e-8,"eps_CL":0.6558685659571434,"K":12,"num_fuzzy_steps":8},"opt_time":1482.845249009,"accuracy":0.5714285714285714}