{"complete_time":3744.369402405,"hps":{"eps_E":0.044529585099426554,"tol":0.0008470868266557402,"eps_CL":18.632463119315606,"K":44,"num_fuzzy_steps":12},"opt_time":3744.369276896,"accuracy":0.5714285714285714}