{"complete_time":2120.455163314,"hps":{"eps_E":3.5938136638046276,"tol":2.1995930680300747e-6,"eps_CL":59.12508413831881,"K":45,"num_fuzzy_steps":10},"opt_time":2120.455003614,"accuracy":0.42857142857142855}