{"complete_time":4426.058205593,"hps":{"eps_E":0.08470868266557406,"tol":0.03330600343624589,"eps_CL":0.8708431497690722,"K":87,"num_fuzzy_steps":11},"opt_time":4426.057932856,"accuracy":0.5714285714285714}