{"complete_time":453.072547927,"hps":{"eps_E":0.06931717276155408,"tol":4.361537789208006e-9,"eps_CL":2.3570694139967276,"K":19,"num_fuzzy_steps":6},"opt_time":453.072422934,"accuracy":0.5714285714285714}