{"complete_time":768.59549752,"hps":{"eps_E":4.391800892596087,"tol":0.09014776314524918,"eps_CL":1.3556017853293685,"K":38,"num_fuzzy_steps":8},"opt_time":768.595234679,"accuracy":0.5714285714285714}