{"complete_time":6479.364784449,"hps":{"eps_E":0.09014776314524912,"tol":1.8249932448161504e-10,"eps_CL":0.9660174799522643,"K":99,"num_fuzzy_steps":15},"opt_time":6479.364533948,"accuracy":0.5714285714285714}