{"max_acc":0.55,"best_params":[21,4.905583706365048,0.6162966255132941,3.6946012051993024e-6,8]}