{"complete_time":16.892516048,"hps":{"eps_E":0.37202366814130666,"tol":1.6796748720926532e-5,"eps_CL":0.4771760948938746,"K":44,"num_fuzzy_steps":15},"opt_time":16.892456812,"accuracy":0.45,"accuracy_non_fuzzy":1.0}