{"complete_time":6.194156512,"hps":{"eps_E":0.017752080117176352,"tol":5.148867450137487e-10,"eps_CL":5.871766390733257,"K":38,"num_fuzzy_steps":10},"opt_time":6.194116489,"accuracy":0.45,"accuracy_non_fuzzy":0.75}