{"complete_time":5.987419379,"hps":{"eps_E":0.26328154656480207,"tol":8.126619200091946e-9,"eps_CL":55.557762223988775,"K":37,"num_fuzzy_steps":10},"opt_time":5.987368453,"accuracy":0.55,"accuracy_non_fuzzy":1.0}