{"complete_time":488.679860595,"hps":{"eps_E":0.021995930680300747,"tol":0.013936192742241428,"eps_CL":0.599484250318941,"K":30,"num_fuzzy_steps":12},"opt_time":488.679808006,"accuracy":0.55,"accuracy_non_fuzzy":0.75}