{"complete_time":4.615883689,"hps":{"eps_E":0.013936192742241428,"tol":8.648423275731727e-5,"eps_CL":0.6162966255132941,"K":14,"num_fuzzy_steps":6},"opt_time":4.615812308,"accuracy":0.45,"accuracy_non_fuzzy":0.75}