{"complete_time":10.637216285,"hps":{"eps_E":6.604193962330306,"tol":1.422830457214352e-7,"eps_CL":1.6796748720926535,"K":68,"num_fuzzy_steps":7},"opt_time":10.637142954,"accuracy":0.55,"accuracy_non_fuzzy":0.45}