{"complete_time":33.899460455,"hps":{"eps_E":0.37982153061907353,"tol":0.0005256791122018419,"eps_CL":0.21102034285685956,"K":31,"num_fuzzy_steps":14},"opt_time":33.899408185,"accuracy":0.55,"accuracy_non_fuzzy":1.0}