{"complete_time":7.625883261,"hps":{"eps_E":0.7742636826811272,"tol":0.0012305240043592616,"eps_CL":42.13321743847289,"K":35,"num_fuzzy_steps":14},"opt_time":7.625800752,"accuracy":0.55,"accuracy_non_fuzzy":0.85}