{"complete_time":9.156583529,"hps":{"eps_E":0.3447764054734464,"tol":0.0004939621743878321,"eps_CL":1.1483124145435109,"K":35,"num_fuzzy_steps":15},"opt_time":9.156532431,"accuracy":0.55,"accuracy_non_fuzzy":1.0}