{"complete_time":5.126841176,"hps":{"eps_E":0.8768856094587426,"tol":2.0668802496290863e-7,"eps_CL":3.85110700232557,"K":17,"num_fuzzy_steps":13},"opt_time":5.126768339,"accuracy":0.55,"accuracy_non_fuzzy":0.65}