{"complete_time":23.024580147,"hps":{"eps_E":2.081221569986339,"tol":3.0653952950565297e-7,"eps_CL":66.50018030431119,"K":72,"num_fuzzy_steps":13},"opt_time":23.024518265,"accuracy":0.55,"accuracy_non_fuzzy":0.4}