{"complete_time":4.63124415,"hps":{"eps_E":1.422830457214353,"tol":0.0012563166024741202,"eps_CL":22.45697995539774,"K":50,"num_fuzzy_steps":4},"opt_time":4.631190679,"accuracy":0.55,"accuracy_non_fuzzy":0.9}