{"complete_time":8.988774036,"hps":{"eps_E":0.15141893253043523,"tol":8.126619200091962e-8,"eps_CL":1.1805165285688053,"K":63,"num_fuzzy_steps":6},"opt_time":8.988730767,"accuracy":0.55,"accuracy_non_fuzzy":1.0}