{"complete_time":5.951814749,"hps":{"eps_E":5.791122647641759,"tol":0.07959777002314981,"eps_CL":0.2340827276178293,"K":17,"num_fuzzy_steps":9},"opt_time":5.951741612,"accuracy":0.55,"accuracy_non_fuzzy":0.55}