{"complete_time":3.276674671,"hps":{"eps_E":0.05256791122018422,"tol":0.0077963601304052365,"eps_CL":0.23570694139967277,"K":38,"num_fuzzy_steps":4},"opt_time":3.276627335,"accuracy":0.55,"accuracy_non_fuzzy":0.75}