{"complete_time":6.219846921,"hps":{"eps_E":0.9267593301146878,"tol":0.0595353313081437,"eps_CL":0.8126619200091943,"K":11,"num_fuzzy_steps":11},"opt_time":6.219802758,"accuracy":0.55,"accuracy_non_fuzzy":0.55}