{"complete_time":4.008703597,"hps":{"eps_E":0.06742622241778343,"tol":3.3306003436245817e-7,"eps_CL":1.3005112521734088,"K":54,"num_fuzzy_steps":3},"opt_time":4.008655702,"accuracy":0.55,"accuracy_non_fuzzy":1.0}