{"complete_time":717.50974597,"hps":{"eps_E":0.028408836901833042,"tol":1.4526539259467783e-9,"eps_CL":0.1775208011717635,"K":46,"num_fuzzy_steps":4},"opt_time":717.509670325,"accuracy":0.55,"accuracy_non_fuzzy":0.85}