{"complete_time":45.584076144,"hps":{"eps_E":0.028213076759394707,"tol":2.880444153396292e-8,"eps_CL":0.14526539259467808,"K":17,"num_fuzzy_steps":12},"opt_time":45.584002836,"accuracy":0.45,"accuracy_non_fuzzy":0.7}