{"complete_time":51.3206736,"hps":{"eps_E":0.027633852900531698,"tol":4.838209664925967e-8,"eps_CL":0.2024446509976804,"K":37,"num_fuzzy_steps":11},"opt_time":51.320629731,"accuracy":0.45,"accuracy_non_fuzzy":0.75}