{"complete_time":3.840781452,"hps":{"eps_E":0.3239742629528196,"tol":1.6114142772530166e-5,"eps_CL":93.31897715733238,"K":21,"num_fuzzy_steps":8},"opt_time":3.84073389,"accuracy":0.55,"accuracy_non_fuzzy":1.0}