{"complete_time":14.303409499,"hps":{"eps_E":0.05148867450137495,"tol":1.0642092440647225e-10,"eps_CL":0.9999999999999998,"K":41,"num_fuzzy_steps":15},"opt_time":14.303365821,"accuracy":0.55,"accuracy_non_fuzzy":1.0}