{"complete_time":4.816739892,"hps":{"eps_E":7.583677914997191,"tol":4.641588833612782e-7,"eps_CL":2.27697025538168,"K":23,"num_fuzzy_steps":10},"opt_time":4.816687267,"accuracy":0.55,"accuracy_non_fuzzy":0.4}