{"complete_time":13.180422023,"hps":{"eps_E":0.013277708293554298,"tol":3.1296480106707505e-6,"eps_CL":29.817722900196703,"K":47,"num_fuzzy_steps":13},"opt_time":13.180343227,"accuracy":0.45,"accuracy_non_fuzzy":0.7}