{"complete_time":5.3943295,"hps":{"eps_E":0.021995930680300747,"tol":4.5462954695323996e-6,"eps_CL":80.15006961565405,"K":9,"num_fuzzy_steps":15},"opt_time":5.394257304,"accuracy":0.45,"accuracy_non_fuzzy":0.75}