{"complete_time":15.673240965,"hps":{"eps_E":0.7531420165974372,"tol":1.6796748720926531e-10,"eps_CL":0.500840798984821,"K":77,"num_fuzzy_steps":9},"opt_time":15.67316455,"accuracy":0.45,"accuracy_non_fuzzy":0.45}