{"complete_time":2.759180698,"hps":{"eps_E":1.3556017853293683,"tol":0.019421746814890263,"eps_CL":59.94842503189409,"K":16,"num_fuzzy_steps":7},"opt_time":2.75913835,"accuracy":0.55,"accuracy_non_fuzzy":0.65}