{"complete_time":3.225016824,"hps":{"eps_E":0.050431594871713614,"tol":2.1102034285685923e-8,"eps_CL":0.2614673211801092,"K":8,"num_fuzzy_steps":6},"opt_time":3.224945088,"accuracy":0.55,"accuracy_non_fuzzy":0.85}