{"complete_time":10.683635778,"hps":{"eps_E":0.0361874981241128,"tol":4.2719939663067854e-7,"eps_CL":58.313051135262214,"K":52,"num_fuzzy_steps":9},"opt_time":10.68358659,"accuracy":0.45,"accuracy_non_fuzzy":0.85}