{"complete_time":83.375875591,"hps":{"eps_E":0.3643858983763546,"tol":3.1952475057592136e-10,"eps_CL":0.44222739805058997,"K":65,"num_fuzzy_steps":14},"opt_time":83.375824553,"accuracy":0.55,"accuracy_non_fuzzy":0.9}