{"complete_time":535.222913861,"hps":{"eps_E":7.175560918936925,"tol":1.3650078065460138e-10,"eps_CL":0.2038493398252463,"K":37,"num_fuzzy_steps":15},"opt_time":535.222865478,"accuracy":0.55,"accuracy_non_fuzzy":0.5}