{"complete_time":8.047951747,"hps":{"eps_E":3.746050032748992,"tol":0.0009794696670695387,"eps_CL":7.225349491787216,"K":40,"num_fuzzy_steps":11},"opt_time":8.047900785,"accuracy":0.55,"accuracy_non_fuzzy":0.7}