{"complete_time":6.898324933,"hps":{"eps_E":0.024739641008868142,"tol":2.3898925662310527e-8,"eps_CL":3.520031472796681,"K":54,"num_fuzzy_steps":5},"opt_time":6.898278789,"accuracy":0.45,"accuracy_non_fuzzy":1.0}