{"complete_time":7.566921318,"hps":{"eps_E":0.025258200269627846,"tol":1.61141427725302e-6,"eps_CL":10.423606739764022,"K":27,"num_fuzzy_steps":14},"opt_time":7.566867803,"accuracy":0.45,"accuracy_non_fuzzy":0.95}