{"complete_time":8.097293886,"hps":{"eps_E":0.14228304572143527,"tol":2.596655972934867e-5,"eps_CL":6.836516004510237,"K":69,"num_fuzzy_steps":5},"opt_time":8.097215261,"accuracy":0.55,"accuracy_non_fuzzy":0.95}