{"complete_time":7.303984505,"hps":{"eps_E":3.4957755743632744,"tol":7.796360130405237e-5,"eps_CL":22.148552337263602,"K":36,"num_fuzzy_steps":11},"opt_time":7.303935556,"accuracy":0.45,"accuracy_non_fuzzy":0.9}