{"complete_time":22.133966374,"hps":{"eps_E":0.221485523372636,"tol":3.12964801067075e-5,"eps_CL":0.599484250318941,"K":74,"num_fuzzy_steps":12},"opt_time":22.133875175,"accuracy":0.55,"accuracy_non_fuzzy":0.9}