{"complete_time":4.065433582,"hps":{"eps_E":0.03330600343624589,"tol":1.6114142772530166e-10,"eps_CL":4.301635758106796,"K":17,"num_fuzzy_steps":10},"opt_time":4.065390387,"accuracy":0.45,"accuracy_non_fuzzy":0.7}