{"complete_time":9.287352964,"hps":{"eps_E":0.014526539259467812,"tol":1.9421746814890284e-10,"eps_CL":2.801866556459195,"K":38,"num_fuzzy_steps":14},"opt_time":9.287294803,"accuracy":0.45,"accuracy_non_fuzzy":0.75}