{"complete_time":6.176911004,"hps":{"eps_E":0.06205728806776504,"tol":2.154434690031878e-9,"eps_CL":22.612800663372774,"K":26,"num_fuzzy_steps":13},"opt_time":6.17685787,"accuracy":0.55,"accuracy_non_fuzzy":0.75}