{"complete_time":13.453370747,"hps":{"eps_E":0.015783314056521173,"tol":6.742622241778349e-8,"eps_CL":1.086515774652538,"K":74,"num_fuzzy_steps":7},"opt_time":13.453290943,"accuracy":0.45,"accuracy_non_fuzzy":1.0}