{"complete_time":3.254627295,"hps":{"eps_E":0.356904934567523,"tol":0.011092898648952227,"eps_CL":5.555776222398876,"K":12,"num_fuzzy_steps":9},"opt_time":3.254585559,"accuracy":0.55,"accuracy_non_fuzzy":1.0}