{"complete_time":56.233703707,"hps":{"eps_E":0.5008407989848211,"tol":4.54629546953239e-9,"eps_CL":0.6248788072006892,"K":50,"num_fuzzy_steps":3},"opt_time":56.233640684,"accuracy":0.55,"accuracy_non_fuzzy":0.9}