{"complete_time":187.515156032,"hps":{"eps_E":1.1092898648952225,"tol":1.1805165285688055e-6,"eps_CL":0.11483124145435111,"K":30,"num_fuzzy_steps":12},"opt_time":187.51507382,"accuracy":0.45,"accuracy_non_fuzzy":0.95}