{"complete_time":13570.470571299,"hps":{"eps_E":0.016451905877536626,"tol":0.0393182875570577,"eps_CL":0.1514189325304352,"K":78},"opt_time":13570.057661548,"accuracy":0.4857142857142857}