{"complete_time":14047.230261414,"hps":{"eps_E":0.4673795107992462,"tol":2.024446509976802e-8,"eps_CL":18.761746914391214,"K":23},"opt_time":14047.230149274,"accuracy":0.4857142857142857}