{"complete_time":8.475711421,"hps":{"eps_E":5.99484250318941,"tol":0.0027066520700332413,"eps_CL":0.3108082173869064,"K":41},"opt_time":8.475600269,"accuracy":0.55}