{"complete_time":114.992541926,"hps":{"eps_E":0.014426439512181581,"tol":1.9421746814890284e-10,"eps_CL":0.21995930680300743,"K":61},"opt_time":114.9924355,"accuracy":0.45}