{"complete_time":18.268247768,"hps":{"eps_E":0.6162966255132941,"tol":1.0209606623060454e-5,"eps_CL":3.7720424934169996,"K":75},"opt_time":18.268163262,"accuracy":0.55}