{"complete_time":6.13942012,"hps":{"eps_E":0.035444556739704335,"tol":2.3408272761782944e-9,"eps_CL":1.738762400216251,"K":35},"opt_time":6.139334351,"accuracy":0.45}