{"complete_time":9.902893017,"hps":{"eps_E":5.555776222398878,"tol":1.0209606623060456e-6,"eps_CL":23.086779941871697,"K":41},"opt_time":9.902813874,"accuracy":0.55}