{"complete_time":15.583251559,"hps":{"eps_E":0.020384933982524632,"tol":5.831305113526231e-7,"eps_CL":3.5690493456752295,"K":73},"opt_time":15.583140295,"accuracy":0.45}