{"complete_time":15.754948247,"hps":{"eps_E":0.04271993966306779,"tol":1.0209606623060454e-5,"eps_CL":1.0715933998226708,"K":60},"opt_time":15.754848112,"accuracy":0.45}