{"complete_time":37.996586754,"hps":{"eps_E":0.8768856094587426,"tol":2.0668802496290863e-7,"eps_CL":3.85110700232557,"K":17},"opt_time":37.99649517,"accuracy":0.55}