{"complete_time":17.097003611,"hps":{"eps_E":0.027254325312810277,"tol":4.6415888336127727e-10,"eps_CL":13.556017853293682,"K":64},"opt_time":17.096912541,"accuracy":0.45}