{"complete_time":15.941496803,"hps":{"eps_E":0.1086515774652538,"tol":0.0005831305113526219,"eps_CL":8.126619200091943,"K":64},"opt_time":15.941415296,"accuracy":0.55}