{"complete_time":5.907055236,"hps":{"eps_E":7.225349491787212,"tol":0.0007959777002314978,"eps_CL":7.531420165974372,"K":35},"opt_time":5.906964482,"accuracy":0.55}