{"complete_time":19.009949823,"hps":{"eps_E":0.2543345761304649,"tol":2.651083601908536e-7,"eps_CL":37.46050032748993,"K":70},"opt_time":19.009865047,"accuracy":0.55}