{"complete_time":18.927694379,"hps":{"eps_E":0.014032890847858725,"tol":7.325965428215246e-8,"eps_CL":0.9862658461312823,"K":77},"opt_time":18.927581185,"accuracy":0.45}