{"complete_time":8.027707846,"hps":{"eps_E":1.172381803286599,"tol":0.041842885079015825,"eps_CL":16.22595287078088,"K":57},"opt_time":8.02757148,"accuracy":0.55}