{"complete_time":32.351802396,"hps":{"eps_E":0.1086515774652538,"tol":0.00010423606739764012,"eps_CL":11.403996019700324,"K":10},"opt_time":32.351722183,"accuracy":0.55}