{"complete_time":13.616880417,"hps":{"eps_E":0.044222739805058996,"tol":5.711586478126424e-10,"eps_CL":67.89406812696113,"K":44},"opt_time":13.616754072,"accuracy":0.45}