{"complete_time":50.973250349,"hps":{"eps_E":0.37982153061907353,"tol":0.0005256791122018419,"eps_CL":0.21102034285685956,"K":31},"opt_time":50.973171247,"accuracy":0.55}