{"complete_time":17.602325565,"hps":{"eps_E":3.5690493456752304,"tol":3.129648010670757e-7,"eps_CL":1.4228304572143526,"K":71},"opt_time":17.602220537,"accuracy":0.55}