{"complete_time":639.535052426,"hps":{"eps_E":0.6696160054853222,"tol":6.468607661546321e-9,"eps_CL":0.1300511252173409,"K":33},"opt_time":639.534969377,"accuracy":0.55}