{"complete_time":543.250193157,"hps":{"eps_E":0.017752080117176352,"tol":0.008296958520834907,"eps_CL":40.983836717572615,"K":16},"opt_time":543.25012584,"accuracy":0.45}