{"complete_time":12.436579805,"hps":{"eps_E":0.013277708293554298,"tol":3.1296480106707505e-6,"eps_CL":29.817722900196703,"K":47},"opt_time":12.436481281,"accuracy":0.45}