{"complete_time":3.332993173,"hps":{"eps_E":0.7175560918936928,"tol":0.0021102034285685966,"eps_CL":7.325965428215229,"K":21},"opt_time":3.332914545,"accuracy":0.45}