{"complete_time":38.890978325,"hps":{"eps_E":2.9205555121827467,"tol":2.43998629725955e-6,"eps_CL":1.6225952870780875,"K":69},"opt_time":38.890872355,"accuracy":0.55}