{"complete_time":16.253760097,"hps":{"eps_E":0.6883952069645496,"tol":4.2719939663067854e-7,"eps_CL":34.47764054734464,"K":76},"opt_time":16.253662314,"accuracy":0.55}