{"complete_time":478.891901742,"hps":{"eps_E":0.09140310748756232,"tol":0.07028244264308349,"eps_CL":0.25258200269627845,"K":27},"opt_time":478.891834418,"accuracy":0.55}