{"complete_time":36.049879756,"hps":{"eps_E":0.5871766390733257,"tol":4.641588833612782e-7,"eps_CL":57.91122647641758,"K":11},"opt_time":36.04981442,"accuracy":0.55}