{"complete_time":1472.017873381,"hps":{"eps_E":0.050431594871713614,"tol":2.1102034285685923e-8,"eps_CL":0.2614673211801092,"K":8},"opt_time":1472.01780221,"accuracy":0.45}