{"complete_time":49.000557457,"hps":{"eps_E":0.4391800892596086,"tol":5.711586478126424e-10,"eps_CL":18.632463119315606,"K":6},"opt_time":49.000481333,"accuracy":0.45}