{"complete_time":20.180267605,"hps":{"eps_E":0.3108082173869064,"tol":9.203731996618211e-6,"eps_CL":55.94325706169378,"K":79},"opt_time":20.1801446,"accuracy":0.55}