{"complete_time":3.519146864,"hps":{"eps_E":0.010790287915161841,"tol":1.0865157746525373e-5,"eps_CL":3.002461709085549,"K":14},"opt_time":3.519051289,"accuracy":0.45}