{"complete_time":4.656336023,"hps":{"eps_E":0.05871766390733255,"tol":1.4526539259467783e-5,"eps_CL":93.9664831495469,"K":31},"opt_time":4.656258942,"accuracy":0.55}