{"complete_time":59.695002023,"hps":{"eps_E":0.014526539259467812,"tol":1.9421746814890284e-10,"eps_CL":2.801866556459195,"K":38},"opt_time":59.69488841,"accuracy":0.45}