{"complete_time":10.327535614,"hps":{"eps_E":8.529644499741021,"tol":1.514189325304352e-5,"eps_CL":4.609604486828435,"K":46},"opt_time":10.327439577,"accuracy":0.55}