{"complete_time":966.127421655,"hps":{"eps_E":6.931717276155404,"tol":5.148867450137487e-10,"eps_CL":0.3044272212064303,"K":19},"opt_time":966.127337794,"accuracy":0.55}