{"complete_time":5.599432105,"hps":{"eps_E":0.10139254075588151,"tol":0.0007175560918936921,"eps_CL":84.70868266557402,"K":38},"opt_time":5.599307082,"accuracy":0.495}