{"complete_time":4.197174623,"hps":{"eps_E":0.011643031329208763,"tol":8.470868266557385e-10,"eps_CL":0.9014776314524915,"K":40},"opt_time":4.196907366,"accuracy":0.505}