{"complete_time":2.273091605,"hps":{"eps_E":0.7275483529196228,"tol":0.028804441533962964,"eps_CL":0.19692202554791724,"K":100},"opt_time":2.272733449,"accuracy":1.0}