{"complete_time":3.446761958,"hps":{"eps_E":1.5141893253043528,"tol":1.6796748720926566e-7,"eps_CL":12.738113231864785,"K":81},"opt_time":3.44660541,"accuracy":1.0}