{"complete_time":7.59416419,"hps":{"eps_E":0.07583677914997186,"tol":2.2456979955397718e-10,"eps_CL":14.933932161242518,"K":86},"opt_time":7.593997669,"accuracy":0.51}