{"complete_time":4.049677318,"hps":{"eps_E":0.5366976945540475,"tol":3.0653952950565234e-10,"eps_CL":3.2174181506763717,"K":35},"opt_time":4.049557828,"accuracy":1.0}