{"complete_time":4.174909568,"hps":{"eps_E":6.979813907830658,"tol":5.95353313081437e-10,"eps_CL":11.169868184678238,"K":40},"opt_time":4.174764395,"accuracy":1.0}