{"complete_time":1.434393288,"hps":{"eps_E":0.05555776222398875,"tol":0.04361537789208006,"eps_CL":76.36298261282242,"K":34},"opt_time":1.43427349,"accuracy":0.535}