{"complete_time":1.535947226,"hps":{"eps_E":0.017999285067824763,"tol":2.2927693128656486e-6,"eps_CL":0.44222739805058997,"K":6},"opt_time":1.535835216,"accuracy":0.495}