{"complete_time":2.468665195,"hps":{"eps_E":0.4361537789208005,"tol":4.2719939663067766e-8,"eps_CL":0.11092898648952228,"K":23},"opt_time":2.468549221,"accuracy":0.995}