{"complete_time":3.46641409,"hps":{"eps_E":4.331483223376399,"tol":8.126619200091945e-6,"eps_CL":0.3195247505759212,"K":96},"opt_time":3.466242198,"accuracy":1.0}