{"complete_time":3.908614638,"hps":{"eps_E":2.8213076759394724,"tol":7.479522515621828e-8,"eps_CL":17.267809038843552,"K":77},"opt_time":3.908455515,"accuracy":0.995}