{"complete_time":1.074511739,"hps":{"eps_E":2.0384933982524625,"tol":0.08296958520834907,"eps_CL":83.54528058382871,"K":20},"opt_time":1.074393839,"accuracy":0.995}