{"complete_time":4.656321948,"hps":{"eps_E":6.379766808606282,"tol":3.618749812411277e-7,"eps_CL":1.2826498305280605,"K":75},"opt_time":4.656146741,"accuracy":0.87}