{"complete_time":12.853800751,"hps":{"eps_E":0.17629753752872065,"tol":0.0004738879609717651,"eps_CL":40.42095839796306,"K":27},"opt_time":12.853666581,"accuracy":0.505}