{"complete_time":5.536580617,"hps":{"eps_E":1.0790287915161845,"tol":1.1805165285688032e-10,"eps_CL":12.22044686631488,"K":98},"opt_time":5.536401784,"accuracy":1.0}