{"complete_time":1.756281355,"hps":{"eps_E":2.6510836019085384,"tol":0.0015459277364194785,"eps_CL":82.96958520834912,"K":92},"opt_time":1.755389628,"accuracy":0.995}