{"complete_time":4.177366077,"hps":{"eps_E":0.08354528058382872,"tol":3.851107002325577e-7,"eps_CL":16.681005372000584,"K":71},"opt_time":4.177193712,"accuracy":0.475}