{"complete_time":2.284133919,"hps":{"eps_E":0.11247371783647517,"tol":9.20373199661823e-5,"eps_CL":4.3314832233764005,"K":23},"opt_time":2.284021159,"accuracy":0.485}