{"complete_time":3.839381925,"hps":{"eps_E":0.03447764054734464,"tol":2.7066520700332412e-6,"eps_CL":2.139588871343422,"K":7},"opt_time":3.839286625,"accuracy":0.495}