{"complete_time":5.434827775,"hps":{"eps_E":0.1483102514336104,"tol":6.604193962330305e-5,"eps_CL":6.836516004510237,"K":33},"opt_time":5.434706568,"accuracy":0.56}