{"complete_time":4.056679536,"hps":{"eps_E":0.8768856094587426,"tol":4.098383671757253e-7,"eps_CL":0.11016459496336567,"K":87},"opt_time":4.056523638,"accuracy":1.0}