{"complete_time":5.413765006,"hps":{"eps_E":0.30024617090855493,"tol":6.205728806776488e-10,"eps_CL":0.44529585099426555,"K":20},"opt_time":5.413619692,"accuracy":0.89}