{"complete_time":5.804507948,"hps":{"eps_E":0.0493962174387832,"tol":4.641588833612792e-9,"eps_CL":11.016459496336564,"K":98},"opt_time":5.804337799,"accuracy":0.555}