{"complete_time":7.457120771,"hps":{"eps_E":0.26328154656480207,"tol":3.262222009711673e-8,"eps_CL":0.31296480106707514,"K":87},"opt_time":7.45692112,"accuracy":1.0}