{"complete_time":3.703056918,"hps":{"eps_E":1.1562801312073763,"tol":1.3369837418249453e-9,"eps_CL":1.9287915080207783,"K":85},"opt_time":3.702872997,"accuracy":1.0}