{"complete_time":4.91024385,"hps":{"eps_E":0.8829699955494091,"tol":5.95353313081437e-7,"eps_CL":1.1483124145435109,"K":65},"opt_time":4.910086951,"accuracy":0.995}