{"complete_time":3.313891639,"hps":{"eps_E":6.162966255132942,"tol":1.3095350204826677e-8,"eps_CL":77.96360130405237,"K":11},"opt_time":3.313776082,"accuracy":1.0}