{"complete_time":3.210406915,"hps":{"eps_E":0.013186214013947485,"tol":0.002024446509976804,"eps_CL":65.58685659571435,"K":29},"opt_time":3.210282178,"accuracy":0.495}