{"complete_time":4.731649089,"hps":{"eps_E":0.09140310748756232,"tol":1.2563166024741189e-6,"eps_CL":1.9023011886689443,"K":37},"opt_time":4.731495645,"accuracy":0.515}