{"complete_time":5.24401327,"hps":{"eps_E":7.68928372075831,"tol":2.8213076759394707e-5,"eps_CL":7.028244264308349,"K":65},"opt_time":5.243870717,"accuracy":0.83}