{"complete_time":4.036753527,"hps":{"eps_E":0.012738113231864785,"tol":6.205728806776488e-9,"eps_CL":0.11016459496336567,"K":19},"opt_time":4.036641316,"accuracy":0.48}