{"complete_time":4.275151561,"hps":{"eps_E":0.6162966255132941,"tol":6.604193962330319e-8,"eps_CL":7.028244264308349,"K":70},"opt_time":4.275002709,"accuracy":1.0}