{"complete_time":1.672182902,"hps":{"eps_E":0.013462605792989104,"tol":0.017508270317357244,"eps_CL":55.17492376129129,"K":20},"opt_time":1.672043004,"accuracy":0.475}