{"complete_time":1.796584972,"hps":{"eps_E":0.02614673211801092,"tol":0.05256791122018422,"eps_CL":1.6681005372000588,"K":63},"opt_time":1.796428941,"accuracy":0.47}