{"complete_time":1.150289182,"hps":{"eps_E":6.1204983724767015,"tol":0.0493962174387832,"eps_CL":1.996642450109794,"K":39},"opt_time":1.150172178,"accuracy":1.0}