{"complete_time":3.19278905,"hps":{"eps_E":0.07325965428215227,"tol":2.1544346900318867e-5,"eps_CL":1.5246957270175738,"K":15},"opt_time":3.192668072,"accuracy":0.46}