{"complete_time":6.157292484,"hps":{"eps_E":0.03330600343624589,"tol":7.959777002314978e-6,"eps_CL":33.30600343624589,"K":97},"opt_time":6.157085686,"accuracy":0.49}