{"complete_time":2.828892479,"hps":{"eps_E":1.1562801312073763,"tol":4.271993966306777e-6,"eps_CL":2.6880010215376053,"K":29},"opt_time":2.828754139,"accuracy":1.0}