{"complete_time":2.484927313,"hps":{"eps_E":0.6248788072006894,"tol":5.8313051135262185e-5,"eps_CL":0.22927693128656493,"K":49},"opt_time":2.484793421,"accuracy":1.0}