{"complete_time":521.769304456,"hps":{"eps_E":0.3447764054734464,"tol":0.0004939621743878321,"eps_CL":1.1483124145435109,"K":43,"num_fuzzy_steps":8},"opt_time":521.76913985,"accuracy":0.54}