{"complete_time":69.89082273,"hps":{"eps_E":0.014526539259467812,"tol":1.9421746814890284e-10,"eps_CL":2.801866556459195,"K":47,"num_fuzzy_steps":8},"opt_time":69.890658437,"accuracy":0.54}