{"complete_time":27.484872288,"hps":{"eps_E":0.24231727942375983,"tol":3.262222009711673e-8,"eps_CL":50.78152112327673,"K":20,"num_fuzzy_steps":6},"opt_time":27.484750796,"accuracy":0.54}