{"complete_time":20.827473957,"hps":{"eps_E":0.21395888713434222,"tol":7.479522515621828e-8,"eps_CL":7.689283720758313,"K":37,"num_fuzzy_steps":3},"opt_time":20.827345841,"accuracy":0.54}