{"complete_time":5653.733725045,"hps":{"eps_E":1.1092898648952225,"tol":1.1805165285688055e-6,"eps_CL":0.11483124145435111,"K":36,"num_fuzzy_steps":7},"opt_time":5653.733576026,"accuracy":0.54}