{"complete_time":82.665967744,"hps":{"eps_E":0.013277708293554298,"tol":3.1296480106707505e-6,"eps_CL":29.817722900196703,"K":58,"num_fuzzy_steps":7},"opt_time":82.665808838,"accuracy":0.54}