{"complete_time":53.210286381,"hps":{"eps_E":3.4957755743632744,"tol":7.796360130405237e-5,"eps_CL":22.148552337263602,"K":44,"num_fuzzy_steps":6},"opt_time":53.210145916,"accuracy":0.54}