{"complete_time":26.361387487,"hps":{"eps_E":0.03330600343624589,"tol":1.6114142772530166e-10,"eps_CL":4.301635758106796,"K":20,"num_fuzzy_steps":6},"opt_time":26.361268803,"accuracy":0.54}