{"complete_time":76.378639121,"hps":{"eps_E":0.14228304572143527,"tol":2.596655972934867e-5,"eps_CL":6.836516004510237,"K":86,"num_fuzzy_steps":4},"opt_time":76.378457729,"accuracy":0.54}