{"complete_time":39.819203036,"hps":{"eps_E":1.422830457214353,"tol":0.0012563166024741202,"eps_CL":22.45697995539774,"K":63,"num_fuzzy_steps":3},"opt_time":39.819047896,"accuracy":0.54}