{"complete_time":92.640924534,"hps":{"eps_E":0.0361874981241128,"tol":4.2719939663067854e-7,"eps_CL":58.313051135262214,"K":64,"num_fuzzy_steps":6},"opt_time":92.640760973,"accuracy":0.54}