{"complete_time":218.813464411,"hps":{"eps_E":2.081221569986339,"tol":3.0653952950565297e-7,"eps_CL":66.50018030431119,"K":90,"num_fuzzy_steps":8},"opt_time":218.813283914,"accuracy":0.54}