{"complete_time":28.179620282,"hps":{"eps_E":1.1805165285688048,"tol":2.3408272761782897e-8,"eps_CL":11.723818032865985,"K":47,"num_fuzzy_steps":3},"opt_time":28.1793412,"accuracy":0.54}