{"complete_time":30.763651175,"hps":{"eps_E":0.8768856094587426,"tol":2.0668802496290863e-7,"eps_CL":3.85110700232557,"K":20,"num_fuzzy_steps":7},"opt_time":30.763541483,"accuracy":0.54}