{"complete_time":32.688939963,"hps":{"eps_E":0.025258200269627846,"tol":2.821307675939471e-10,"eps_CL":0.11247371783647517,"K":35,"num_fuzzy_steps":3},"opt_time":32.688807602,"accuracy":0.54}