{"complete_time":164.386514449,"hps":{"eps_E":0.7531420165974372,"tol":1.6796748720926531e-10,"eps_CL":0.500840798984821,"K":96,"num_fuzzy_steps":5},"opt_time":164.386315431,"accuracy":0.54}