{"complete_time":985.112180228,"hps":{"eps_E":0.027633852900531698,"tol":4.838209664925967e-8,"eps_CL":0.2024446509976804,"K":45,"num_fuzzy_steps":6},"opt_time":985.112000066,"accuracy":0.54}