{"complete_time":4654.700672564,"hps":{"eps_E":5.791122647641759,"tol":0.07959777002314981,"eps_CL":0.2340827276178293,"K":20,"num_fuzzy_steps":5},"opt_time":4654.700544184,"accuracy":0.54}