{"complete_time":1414.074583365,"hps":{"eps_E":1.9287915080207787,"tol":0.001714881969870541,"eps_CL":0.2245697995539774,"K":88,"num_fuzzy_steps":8},"opt_time":1414.074403276,"accuracy":0.54}