{"complete_time":198.512828952,"hps":{"eps_E":0.221485523372636,"tol":3.12964801067075e-5,"eps_CL":0.599484250318941,"K":92,"num_fuzzy_steps":7},"opt_time":198.512637238,"accuracy":0.54}