{"complete_time":94.224429536,"hps":{"eps_E":0.015783314056521173,"tol":6.742622241778349e-8,"eps_CL":1.086515774652538,"K":92,"num_fuzzy_steps":4},"opt_time":94.224235965,"accuracy":0.54}