{"complete_time":19.929747629,"hps":{"eps_E":0.050431594871713614,"tol":2.1102034285685923e-8,"eps_CL":0.2614673211801092,"K":9,"num_fuzzy_steps":4},"opt_time":19.929631157,"accuracy":0.54}