{"complete_time":38.972850784,"hps":{"eps_E":0.05256791122018422,"tol":0.0077963601304052365,"eps_CL":0.23570694139967277,"K":46,"num_fuzzy_steps":3},"opt_time":38.972712442,"accuracy":0.54}