{"complete_time":27.262177005,"hps":{"eps_E":0.3239742629528196,"tol":1.6114142772530166e-5,"eps_CL":93.31897715733238,"K":26,"num_fuzzy_steps":5},"opt_time":27.262052132,"accuracy":0.54}