{"complete_time":56.067186378,"hps":{"eps_E":0.024739641008868142,"tol":2.3898925662310527e-8,"eps_CL":3.520031472796681,"K":68,"num_fuzzy_steps":4},"opt_time":56.067015494,"accuracy":0.54}