{"complete_time":100.202914736,"hps":{"eps_E":0.05148867450137495,"tol":1.0642092440647225e-10,"eps_CL":0.9999999999999998,"K":51,"num_fuzzy_steps":8},"opt_time":100.202730627,"accuracy":0.54}