{"complete_time":431.483243139,"hps":{"eps_E":0.021995930680300747,"tol":0.013936192742241428,"eps_CL":0.599484250318941,"K":36,"num_fuzzy_steps":7},"opt_time":431.483100696,"accuracy":0.54}