{"complete_time":49.893367932,"hps":{"eps_E":3.746050032748992,"tol":0.0009794696670695387,"eps_CL":7.225349491787216,"K":49,"num_fuzzy_steps":6},"opt_time":49.893219231,"accuracy":0.54}