{"complete_time":21.364595762,"hps":{"eps_E":0.9267593301146878,"tol":0.0595353313081437,"eps_CL":0.8126619200091943,"K":12,"num_fuzzy_steps":6},"opt_time":21.364485706,"accuracy":0.54}