{"complete_time":69.740817336,"hps":{"eps_E":0.7742636826811272,"tol":0.0012305240043592616,"eps_CL":42.13321743847289,"K":43,"num_fuzzy_steps":8},"opt_time":69.740676741,"accuracy":0.54}