{"complete_time":54.804739419,"hps":{"eps_E":0.025258200269627846,"tol":1.61141427725302e-6,"eps_CL":10.423606739764022,"K":33,"num_fuzzy_steps":8},"opt_time":54.80460266,"accuracy":0.54}