{"complete_time":168.004014687,"hps":{"eps_E":0.3643858983763546,"tol":3.1952475057592136e-10,"eps_CL":0.44222739805058997,"K":81,"num_fuzzy_steps":8},"opt_time":168.00383455,"accuracy":0.54}