{"complete_time":41.018071179,"hps":{"eps_E":0.028408836901833042,"tol":1.4526539259467783e-9,"eps_CL":0.1775208011717635,"K":57,"num_fuzzy_steps":3},"opt_time":41.017904264,"accuracy":0.54}