{"complete_time":55.652009258,"hps":{"eps_E":0.26328154656480207,"tol":8.126619200091946e-9,"eps_CL":55.557762223988775,"K":45,"num_fuzzy_steps":6},"opt_time":55.651861554,"accuracy":0.54}