{"complete_time":132.054165453,"hps":{"eps_E":6.604193962330306,"tol":1.422830457214352e-7,"eps_CL":1.6796748720926535,"K":84,"num_fuzzy_steps":5},"opt_time":132.053982805,"accuracy":0.54}