{"complete_time":428.891705916,"hps":{"eps_E":0.37982153061907353,"tol":0.0005256791122018419,"eps_CL":0.21102034285685956,"K":37,"num_fuzzy_steps":8},"opt_time":428.891561887,"accuracy":0.54}