{"complete_time":37.201639817,"hps":{"eps_E":0.5008407989848211,"tol":4.54629546953239e-9,"eps_CL":0.6248788072006892,"K":62,"num_fuzzy_steps":3},"opt_time":37.201472783,"accuracy":0.54}