{"complete_time":52.8971569,"hps":{"eps_E":0.017752080117176352,"tol":5.148867450137487e-10,"eps_CL":5.871766390733257,"K":47,"num_fuzzy_steps":6},"opt_time":52.896989985,"accuracy":0.54}