{"complete_time":70.248855438,"hps":{"eps_E":0.15141893253043523,"tol":8.126619200091962e-8,"eps_CL":1.1805165285688053,"K":78,"num_fuzzy_steps":4},"opt_time":70.24866202,"accuracy":0.54}