{"complete_time":18.741352861,"hps":{"eps_E":0.356904934567523,"tol":0.011092898648952227,"eps_CL":5.555776222398876,"K":14,"num_fuzzy_steps":5},"opt_time":18.741228081,"accuracy":0.54}