{"complete_time":23.665879498,"hps":{"eps_E":0.013936192742241428,"tol":8.648423275731727e-5,"eps_CL":0.6162966255132941,"K":17,"num_fuzzy_steps":4},"opt_time":23.665734567,"accuracy":0.54}