{"max_acc":0.6,"best_params":[48,0.33306003436245885,0.20668802496290825,0.010423606739764012]}