{"complete_time":520.827268946,"hps":{"eps_E":0.011887076977119033,"tol":0.005148867450137497,"eps_CL":6.604193962330304,"K":43},"opt_time":520.82716047,"accuracy":0.4}