{"complete_time":67.568730914,"hps":{"eps_E":0.3824569722466999,"tol":0.0007636298261282241,"eps_CL":60.36438506075867,"K":56},"opt_time":67.568627614,"accuracy":0.4}