{"complete_time":59.668829453,"hps":{"eps_E":1.679674872092654,"tol":2.2927693128656489e-10,"eps_CL":13.650078065460137,"K":10},"opt_time":59.66875906,"accuracy":0.4}