{"complete_time":148.074039264,"hps":{"eps_E":0.013840160965731315,"tol":1.1805165285688055e-8,"eps_CL":21.24845352498882,"K":72},"opt_time":148.013109261,"accuracy":0.4}