{"complete_time":609.733519147,"hps":{"eps_E":0.03400411932703706,"tol":7.79636013040522e-9,"eps_CL":4.213321743847288,"K":67},"opt_time":609.733396671,"accuracy":0.4}