{"complete_time":22.166963284,"hps":{"eps_E":0.08648423275731727,"tol":1.422830457214349e-9,"eps_CL":0.697981390783066,"K":76},"opt_time":22.166858118,"accuracy":0.4}