{"complete_time":3.715990564,"hps":{"eps_E":0.024739641008868142,"tol":6.468607661546321e-6,"eps_CL":11.24737178364752,"K":19},"opt_time":3.715900106,"accuracy":0.4}