{"complete_time":5.09737034,"hps":{"eps_E":0.12826498305280606,"tol":1.9421746814890245e-6,"eps_CL":1.2738113231864787,"K":28},"opt_time":5.097297213,"accuracy":0.4}