{"complete_time":506.185731515,"hps":{"eps_E":7.27548352919623,"tol":1.2826498305280625e-10,"eps_CL":19.28791508020779,"K":34},"opt_time":506.185657115,"accuracy":0.4}