{"complete_time":859.537219302,"hps":{"eps_E":0.24231727942375983,"tol":3.544455673970443e-8,"eps_CL":0.7959777002314984,"K":19},"opt_time":859.537124625,"accuracy":0.4}