{"complete_time":489.035393323,"hps":{"eps_E":0.2744343303228364,"tol":0.0001,"eps_CL":4.804870439655131,"K":20},"opt_time":489.035291781,"accuracy":0.4}