{"complete_time":13.492487905,"hps":{"eps_E":0.015037553212997384,"tol":0.004184288507901585,"eps_CL":12.052609368708426,"K":70},"opt_time":13.492369948,"accuracy":0.4}