{"complete_time":522.570217542,"hps":{"eps_E":4.126820845702954,"tol":0.05366976945540476,"eps_CL":6.931717276155408,"K":47},"opt_time":522.570116268,"accuracy":0.4}