{"complete_time":461.619719931,"hps":{"eps_E":7.636298261282244,"tol":1.5459277364194755e-5,"eps_CL":0.20104964162604985,"K":37},"opt_time":461.619625475,"accuracy":0.4}