{"complete_time":521.175989758,"hps":{"eps_E":0.1483102514336104,"tol":6.468607661546321e-9,"eps_CL":95.93608287093147,"K":50},"opt_time":521.175861949,"accuracy":0.4}