{"complete_time":26.914906667,"hps":{"eps_E":0.03353710152002929,"tol":4.738879609717651e-10,"eps_CL":0.3877828414589457,"K":74},"opt_time":26.914800476,"accuracy":0.4}