{"complete_time":21.914038354,"hps":{"eps_E":0.01514189325304352,"tol":1.0e-8,"eps_CL":0.2981772290019672,"K":65},"opt_time":21.913904764,"accuracy":0.4}