{"complete_time":33.497930283,"hps":{"eps_E":0.3173229634734978,"tol":0.0016796748720926532,"eps_CL":75.31420165974376,"K":21},"opt_time":33.497858321,"accuracy":0.4}