{"complete_time":595.812717329,"hps":{"eps_E":0.0532999408084409,"tol":0.08126619200091946,"eps_CL":20.10496416260499,"K":80},"opt_time":595.812572612,"accuracy":0.4}