{"complete_time":16.689783144,"hps":{"eps_E":0.046096044868284336,"tol":2.1544346900318866e-8,"eps_CL":2.920555512182746,"K":36},"opt_time":16.689671733,"accuracy":0.4}