{"complete_time":559.140555699,"hps":{"eps_E":0.10069386314760276,"tol":0.0012052609368708414,"eps_CL":0.35690493456752304,"K":68},"opt_time":559.140430519,"accuracy":0.4}