{"complete_time":54.150346676,"hps":{"eps_E":0.03959110266468461,"tol":3.065395295056536e-9,"eps_CL":1.2915496650148837,"K":63},"opt_time":54.150247807,"accuracy":0.4}