{"complete_time":470.946442267,"hps":{"eps_E":0.7126115430111746,"tol":9.794696670695386e-6,"eps_CL":4.361537789208005,"K":42},"opt_time":470.946360998,"accuracy":0.4}