{"complete_time":9.833798858,"hps":{"eps_E":4.905583706365048,"tol":0.0036946012051993025,"eps_CL":8.829699955494092,"K":52},"opt_time":9.833718863,"accuracy":0.4}