{"complete_time":514.996128537,"hps":{"eps_E":0.4738879609717652,"tol":5.043159487171359e-5,"eps_CL":0.27066520700332414,"K":69},"opt_time":514.995998638,"accuracy":0.4}