{"complete_time":9.799415854,"hps":{"eps_E":0.06931717276155408,"tol":9.20373199661823e-5,"eps_CL":26.51083601908539,"K":49},"opt_time":9.799294515,"accuracy":0.4}