{"complete_time":464.635035916,"hps":{"eps_E":4.838209664925957,"tol":0.03851107002325569,"eps_CL":6.078323128297232,"K":41},"opt_time":464.634945001,"accuracy":0.4}