{"complete_time":529.752162016,"hps":{"eps_E":9.79469667069539,"tol":0.014831025143361045,"eps_CL":0.29612254379880354,"K":73},"opt_time":529.752070368,"accuracy":0.4}