{"complete_time":17.848917723,"hps":{"eps_E":0.023570694139967277,"tol":0.008829699955494092,"eps_CL":1.0715933998226708,"K":54},"opt_time":17.848807133,"accuracy":0.4}