{"complete_time":474.646299659,"hps":{"eps_E":0.33306003436245885,"tol":0.010423606739764012,"eps_CL":0.20668802496290825,"K":48},"opt_time":474.646182346,"accuracy":0.6}