{"complete_time":533.624879303,"hps":{"eps_E":0.016566059589499145,"tol":0.014831025143361045,"eps_CL":15.352750287804227,"K":47},"opt_time":533.624763224,"accuracy":0.4}