{"complete_time":457.982892981,"hps":{"eps_E":5.672228971644542,"tol":2.43998629725955e-6,"eps_CL":0.2840883690183304,"K":9},"opt_time":457.982809177,"accuracy":0.4}