{"complete_time":516.706310387,"hps":{"eps_E":0.011092898648952227,"tol":2.3408272761782944e-7,"eps_CL":0.146273335620113,"K":70},"opt_time":516.706214418,"accuracy":0.4}