{"complete_time":446.856229126,"hps":{"eps_E":0.024231727942375995,"tol":0.0005479472336900287,"eps_CL":12.738113231864785,"K":32},"opt_time":446.856134192,"accuracy":0.4}