{"complete_time":9.601786587,"hps":{"eps_E":0.6036438506075865,"tol":1.1092898648952227e-5,"eps_CL":0.3544455673970434,"K":7},"opt_time":9.601726696,"accuracy":0.4}