{"complete_time":790.096443838,"hps":{"eps_E":0.019023011886689447,"tol":0.021544346900318846,"eps_CL":0.5441714286865891,"K":18},"opt_time":790.096377709,"accuracy":0.4}