{"max_acc":0.985,"best_params":[83,1.8632463119315608,10.209606623060465,0.0003544455673970432]}