{"complete_time":77.282508411,"hps":{"eps_E":2.066880249629083,"tol":6.335804992658241e-6,"eps_CL":0.13369837418249467,"K":47},"opt_time":77.282302633,"accuracy":0.935}