{"complete_time":0.095615165,"hps":{"eps_E":0.03772042493416997,"tol":9.39664831495469e-6,"eps_CL":0.27633852900531697,"K":33},"opt_time":0.09536217,"accuracy":0.58}