{"complete_time":53.920842591,"hps":{"eps_E":5.366976945540476,"tol":0.003931828755705771,"eps_CL":0.1787525525904235,"K":46},"opt_time":53.920722452,"accuracy":0.845}