{"complete_time":2.837516366,"hps":{"eps_E":0.5220567527846975,"tol":0.08648423275731722,"eps_CL":4.0983836717572615,"K":66},"opt_time":2.837368751,"accuracy":0.525}