{"complete_time":2.919612104,"hps":{"eps_E":0.21395888713434222,"tol":0.05594325706169378,"eps_CL":0.9396648314954695,"K":76},"opt_time":2.919476216,"accuracy":0.505}