{"complete_time":0.053786211,"hps":{"eps_E":0.4213321743847288,"tol":1.1325413151528127e-7,"eps_CL":0.7077010661181887,"K":26},"opt_time":0.05366311,"accuracy":0.525}