{"complete_time":3.070482116,"hps":{"eps_E":0.0326222200971167,"tol":4.641588833612782e-7,"eps_CL":52.205675278469755,"K":98},"opt_time":3.070347418,"accuracy":0.5}