{"complete_time":0.043788645,"hps":{"eps_E":0.012136237983442412,"tol":0.0019421746814890265,"eps_CL":0.11325413151528117,"K":5},"opt_time":0.04365329,"accuracy":0.455}