{"complete_time":2.960385315,"hps":{"eps_E":0.08708431497690719,"tol":1.4526539259467812e-6,"eps_CL":4.546295469532399,"K":72},"opt_time":2.960124341,"accuracy":0.575}