{"complete_time":0.058769678,"hps":{"eps_E":0.14327029534098307,"tol":0.0068839520696454964,"eps_CL":1.8504070195423021,"K":30},"opt_time":0.058626439,"accuracy":0.505}