{"complete_time":5.855415857,"hps":{"eps_E":1.3936192742241424,"tol":2.491130026067791e-6,"eps_CL":18.891927762076662,"K":62},"opt_time":5.85526861,"accuracy":0.475}