{"complete_time":68.925422612,"hps":{"eps_E":1.8632463119315608,"tol":0.0003544455673970432,"eps_CL":10.209606623060465,"K":83},"opt_time":68.925185757,"accuracy":0.985}