{"complete_time":0.083665708,"hps":{"eps_E":0.030024617090855493,"tol":3.12964801067075e-8,"eps_CL":57.91122647641758,"K":12},"opt_time":0.083513884,"accuracy":0.465}