{"complete_time":0.41352201,"hps":{"eps_E":3.6946012051993034,"tol":0.0019828839491270716,"eps_CL":0.18249932448161524,"K":17},"opt_time":0.413349107,"accuracy":0.695}