{"complete_time":0.739472216,"hps":{"eps_E":3.447764054734465,"tol":0.001422830457214352,"eps_CL":0.15037553212997382,"K":36},"opt_time":0.739247943,"accuracy":0.895}