{"complete_time":0.078458549,"hps":{"eps_E":0.8708431497690722,"tol":0.00011805165285688056,"eps_CL":25.084150592775387,"K":13},"opt_time":0.078221997,"accuracy":0.5}