{"complete_time":0.093906096,"hps":{"eps_E":0.02688001021537606,"tol":1.9023011886689457e-9,"eps_CL":32.622220097116696,"K":13},"opt_time":0.093760169,"accuracy":0.455}