{"complete_time":0.140719013,"hps":{"eps_E":0.2688001021537605,"tol":1.7875255259042318e-5,"eps_CL":1.1969557023590434,"K":31},"opt_time":0.140464677,"accuracy":0.52}