{"complete_time":3.357459755,"hps":{"eps_E":0.08070620141149508,"tol":0.02543345761304648,"eps_CL":0.1600310313738701,"K":95},"opt_time":3.357286022,"accuracy":0.515}