{"complete_time":1.344998853,"hps":{"eps_E":1.4831025143361045,"tol":1.2305240043592616e-5,"eps_CL":0.2981772290019672,"K":11},"opt_time":1.344846725,"accuracy":0.515}