{"complete_time":0.150517183,"hps":{"eps_E":0.5672228971644545,"tol":5.148867450137498e-5,"eps_CL":7.689283720758313,"K":34},"opt_time":0.150351891,"accuracy":0.555}