{"complete_time":5.877403596,"hps":{"eps_E":1.1805165285688048,"tol":0.00020668802496290822,"eps_CL":94.61848194721998,"K":90},"opt_time":5.877271706,"accuracy":0.43}