{"complete_time":46.15821266,"hps":{"eps_E":4.6415888336127775,"tol":4.546295469532399e-8,"eps_CL":1.3369837418249462,"K":69},"opt_time":46.158018772,"accuracy":0.855}