{"complete_time":2.940278593,"hps":{"eps_E":0.03353710152002929,"tol":8.470868266557403e-7,"eps_CL":88.90965989529163,"K":44},"opt_time":2.940135675,"accuracy":0.525}