{"complete_time":0.037909343,"hps":{"eps_E":0.011887076977119033,"tol":2.2456979955397717e-8,"eps_CL":17.75208011717634,"K":10},"opt_time":0.0378116,"accuracy":0.515}