{"complete_time":0.042714175,"hps":{"eps_E":0.047388796097176535,"tol":6.205728806776488e-10,"eps_CL":0.3044272212064303,"K":15},"opt_time":0.042613931,"accuracy":0.495}