{"complete_time":0.072532864,"hps":{"eps_E":0.3108082173869064,"tol":4.838209664925958e-10,"eps_CL":0.3108082173869064,"K":41},"opt_time":0.072412947,"accuracy":0.51}