{"complete_time":0.067343435,"hps":{"eps_E":0.2614673211801092,"tol":3.4716868189265596e-6,"eps_CL":0.12563166024741204,"K":40},"opt_time":0.067153432,"accuracy":0.455}