{"complete_time":0.038745303,"hps":{"eps_E":0.01049593230558227,"tol":1.1805165285688031e-7,"eps_CL":4.673795107992462,"K":7},"opt_time":0.038635457,"accuracy":0.53}