{"complete_time":0.124012332,"hps":{"eps_E":0.040983836717572636,"tol":1.0209606623060454e-5,"eps_CL":1.2563166024741206,"K":18},"opt_time":0.123855915,"accuracy":0.495}