{"complete_time":3.008188597,"hps":{"eps_E":0.6696160054853222,"tol":4.0983836717572616e-8,"eps_CL":14.831025143361044,"K":94},"opt_time":3.007962883,"accuracy":0.49}