{"complete_time":0.130062216,"hps":{"eps_E":0.14228304572143527,"tol":0.00022927693128656486,"eps_CL":34.00411932703706,"K":18},"opt_time":0.129922983,"accuracy":0.515}