{"complete_time":43.611685347,"hps":{"eps_E":3.669142378402494,"tol":0.0011805165285688056,"eps_CL":5.633142670601353,"K":73},"opt_time":43.611546541,"accuracy":0.845}