{"complete_time":3.939215606,"hps":{"eps_E":2.110203428568595,"tol":4.098383671757253e-10,"eps_CL":18.124175473742376,"K":19},"opt_time":3.939103343,"accuracy":0.565}