{"complete_time":6.143432368,"hps":{"eps_E":0.05672228971644543,"tol":0.09593608287093142,"eps_CL":0.6248788072006892,"K":91},"opt_time":6.047318084,"accuracy":0.515}