{"complete_time":3.404862081,"hps":{"eps_E":0.07583677914997186,"tol":7.32596542821523e-5,"eps_CL":0.7531420165974374,"K":100},"opt_time":3.404412269,"accuracy":0.515}