{"complete_time":5392.612721982,"hps":{"eps_E":0.04271993966306779,"tol":1.0209606623060454e-5,"eps_CL":1.0715933998226708,"K":75},"opt_time":5392.612195103,"accuracy":0.54}