{"complete_time":5105.84373322,"hps":{"eps_E":4.905583706365048,"tol":3.6946012051993024e-6,"eps_CL":0.6162966255132941,"K":26},"opt_time":5105.784106015,"accuracy":0.54}