{"complete_time":56.940231579,"hps":{"eps_E":7.225349491787212,"tol":0.0007959777002314978,"eps_CL":7.531420165974372,"K":43},"opt_time":56.939864431,"accuracy":0.54}