{"complete_time":31.00604877,"hps":{"eps_E":0.8768856094587426,"tol":2.0668802496290863e-7,"eps_CL":3.85110700232557,"K":20},"opt_time":31.005701178,"accuracy":0.54}