{"complete_time":7069.042268762,"hps":{"eps_E":0.9396648314954698,"tol":2.2927693128656486e-6,"eps_CL":0.24739641008868135,"K":83},"opt_time":7069.041586018,"accuracy":0.54}