{"complete_time":913.393446705,"hps":{"eps_E":0.14728827239075026,"tol":1.2563166024741189e-6,"eps_CL":19.02301188668944,"K":29},"opt_time":913.393109313,"accuracy":0.54}