{"complete_time":203.743401839,"hps":{"eps_E":0.017752080117176352,"tol":0.008296958520834907,"eps_CL":40.983836717572615,"K":19},"opt_time":203.743103705,"accuracy":0.54}