{"complete_time":19.367886243,"hps":{"eps_E":0.19287915080207782,"tol":0.012305240043592616,"eps_CL":76.36298261282242,"K":71,"num_fuzzy_steps":8},"opt_time":19.367822307,"accuracy":0.4,"accuracy_non_fuzzy":0.4}