{"complete_time":2.776393605,"hps":{"eps_E":0.04361537789208003,"tol":0.0001545927736419477,"eps_CL":66.04193962330305,"K":19,"num_fuzzy_steps":6},"opt_time":2.776342432,"accuracy":0.4,"accuracy_non_fuzzy":0.35}