{"complete_time":23.558854105,"hps":{"eps_E":6.65001803043112,"tol":0.0010209606623060466,"eps_CL":1.6913295170296478,"K":79,"num_fuzzy_steps":9},"opt_time":23.558770618,"accuracy":0.4,"accuracy_non_fuzzy":0.35}