{"complete_time":20.499132154,"hps":{"eps_E":0.028804441533962964,"tol":5.256791122018419e-8,"eps_CL":2.744343303228365,"K":49,"num_fuzzy_steps":15},"opt_time":20.499076305,"accuracy":0.4,"accuracy_non_fuzzy":0.25}