{"complete_time":16.982001175,"hps":{"eps_E":6.036438506075867,"tol":9.396648314954691e-8,"eps_CL":0.5078152112327674,"K":45,"num_fuzzy_steps":13},"opt_time":16.981927237,"accuracy":0.4,"accuracy_non_fuzzy":0.5}