{"complete_time":10.411874457,"hps":{"eps_E":0.6979813907830662,"tol":0.01679674872092653,"eps_CL":1.6225952870780875,"K":49,"num_fuzzy_steps":7},"opt_time":10.411799412,"accuracy":0.4,"accuracy_non_fuzzy":0.6}