{"complete_time":32.132291065,"hps":{"eps_E":1.7148819698705395,"tol":3.931828755705778e-8,"eps_CL":0.31296480106707514,"K":80,"num_fuzzy_steps":14},"opt_time":32.132223069,"accuracy":0.4,"accuracy_non_fuzzy":0.4}