{"complete_time":20.337185488,"hps":{"eps_E":0.03353710152002929,"tol":4.738879609717651e-10,"eps_CL":0.3877828414589457,"K":74,"num_fuzzy_steps":7},"opt_time":20.33709422,"accuracy":0.4,"accuracy_non_fuzzy":0.5}