{"complete_time":25.29842856,"hps":{"eps_E":0.15246957270175737,"tol":2.7633852900531726e-7,"eps_CL":3.0866649433372735,"K":74,"num_fuzzy_steps":10},"opt_time":25.298366218,"accuracy":0.4,"accuracy_non_fuzzy":0.45}