{"complete_time":18.477017514,"hps":{"eps_E":0.249113002606779,"tol":4.2719939663067766e-8,"eps_CL":1.086515774652538,"K":51,"num_fuzzy_steps":12},"opt_time":18.476942712,"accuracy":0.4,"accuracy_non_fuzzy":0.55}