{"complete_time":24.517968392,"hps":{"eps_E":0.249113002606779,"tol":3.1296480106707505e-6,"eps_CL":0.45149677720361003,"K":56,"num_fuzzy_steps":15},"opt_time":24.517894057,"accuracy":0.4,"accuracy_non_fuzzy":0.55}