{"complete_time":1.880875938,"hps":{"eps_E":0.02245697995539774,"tol":1.1325413151528126e-10,"eps_CL":6.379766808606281,"K":31,"num_fuzzy_steps":3},"opt_time":1.880822436,"accuracy":0.4,"accuracy_non_fuzzy":0.45}