{"complete_time":8.945559946,"hps":{"eps_E":0.6789406812696109,"tol":2.2927693128656534e-7,"eps_CL":5.3669769455404746,"K":40,"num_fuzzy_steps":12},"opt_time":8.94549672,"accuracy":0.4,"accuracy_non_fuzzy":0.5}