{"complete_time":6.355912404,"hps":{"eps_E":0.33306003436245885,"tol":0.010423606739764012,"eps_CL":0.20668802496290825,"K":48,"num_fuzzy_steps":5},"opt_time":6.355821216,"accuracy":0.4,"accuracy_non_fuzzy":0.45}