{"complete_time":9.914066143,"hps":{"eps_E":0.1355601785329369,"tol":9.39664831495469e-7,"eps_CL":36.69142378402494,"K":75,"num_fuzzy_steps":4},"opt_time":9.914000561,"accuracy":0.4,"accuracy_non_fuzzy":0.75}