{"complete_time":6.850687144,"hps":{"eps_E":9.593608287093144,"tol":1.2305240043592616e-5,"eps_CL":24.911300260677884,"K":34,"num_fuzzy_steps":11},"opt_time":6.850617024,"accuracy":0.4,"accuracy_non_fuzzy":0.4}