{"complete_time":14.002325687,"hps":{"eps_E":0.012305240043592616,"tol":4.838209664925957e-6,"eps_CL":0.40983836717572625,"K":51,"num_fuzzy_steps":10},"opt_time":14.002254269,"accuracy":0.4,"accuracy_non_fuzzy":0.35}