{"complete_time":23.860247501,"hps":{"eps_E":0.07427982482564918,"tol":0.0607832312829723,"eps_CL":0.26328154656480207,"K":68,"num_fuzzy_steps":13},"opt_time":23.860185744,"accuracy":0.4,"accuracy_non_fuzzy":0.65}