{"complete_time":3.432181578,"hps":{"eps_E":2.154434690031884,"tol":2.2927693128656486e-8,"eps_CL":3.6946012051993025,"K":17,"num_fuzzy_steps":8},"opt_time":3.432129132,"accuracy":0.4,"accuracy_non_fuzzy":0.4}