{"complete_time":16.197753253,"hps":{"eps_E":0.06931717276155408,"tol":9.20373199661823e-5,"eps_CL":26.51083601908539,"K":49,"num_fuzzy_steps":11},"opt_time":16.197688255,"accuracy":0.4,"accuracy_non_fuzzy":0.3}