{"complete_time":12.146411858,"hps":{"eps_E":9.203731996618226,"tol":7.32596542821523e-10,"eps_CL":0.5633142670601357,"K":62,"num_fuzzy_steps":6},"opt_time":12.146336721,"accuracy":0.4,"accuracy_non_fuzzy":0.45}