{"complete_time":2.237646916,"hps":{"eps_E":0.7850456200204508,"tol":1.4526539259467781e-7,"eps_CL":49.05583706365048,"K":18,"num_fuzzy_steps":5},"opt_time":2.23759955,"accuracy":0.4,"accuracy_non_fuzzy":0.3}