{"complete_time":10.301439449,"hps":{"eps_E":0.1273811323186479,"tol":2.8213076759394707e-5,"eps_CL":3.7202366814130667,"K":33,"num_fuzzy_steps":15},"opt_time":10.301385598,"accuracy":0.4,"accuracy_non_fuzzy":0.45}