{"complete_time":2.745565015,"hps":{"eps_E":1.273811323186478,"tol":3.1296480106707503e-9,"eps_CL":0.5672228971644544,"K":14,"num_fuzzy_steps":7},"opt_time":2.745518396,"accuracy":0.4,"accuracy_non_fuzzy":0.5}