{"complete_time":5.211231373,"hps":{"eps_E":0.012390621569479163,"tol":0.002245697995539774,"eps_CL":6.036438506075865,"K":32,"num_fuzzy_steps":8},"opt_time":5.211181171,"accuracy":0.4,"accuracy_non_fuzzy":0.4}