{"complete_time":3.988373257,"hps":{"eps_E":3.746050032748992,"tol":5.711586478126423e-8,"eps_CL":0.15037553212997382,"K":32,"num_fuzzy_steps":4},"opt_time":3.988320464,"accuracy":0.4,"accuracy_non_fuzzy":0.4}