{"complete_time":2.685357427,"hps":{"eps_E":0.32174181506763716,"tol":3.4716868189265667e-7,"eps_CL":0.11887076977119033,"K":30,"num_fuzzy_steps":4},"opt_time":2.685277953,"accuracy":0.4,"accuracy_non_fuzzy":0.45}