{"complete_time":3.326652988,"hps":{"eps_E":2.010496416260499,"tol":6.883952069645482e-9,"eps_CL":0.10715933998226711,"K":23,"num_fuzzy_steps":3},"opt_time":3.326584549,"accuracy":0.6,"accuracy_non_fuzzy":0.4}