{"complete_time":7.793807603,"hps":{"eps_E":1.3650078065460134,"tol":0.0017875255259042354,"eps_CL":75.8367791499719,"K":61,"num_fuzzy_steps":4},"opt_time":7.793744426,"accuracy":0.4,"accuracy_non_fuzzy":0.65}