{"complete_time":37.501800121,"hps":{"eps_E":2.860595535175742,"tol":1.336983741824948e-6,"eps_CL":0.3400411932703707,"K":19,"num_fuzzy_steps":13},"opt_time":37.501736242,"accuracy":0.4,"accuracy_non_fuzzy":0.5}