{"complete_time":14.800246314,"hps":{"eps_E":0.03959110266468461,"tol":1.309535020482665e-7,"eps_CL":57.11586478126435,"K":53,"num_fuzzy_steps":9},"opt_time":14.800174507,"accuracy":0.4,"accuracy_non_fuzzy":0.25}