{"complete_time":30.795771454,"hps":{"eps_E":0.03959110266468461,"tol":3.065395295056536e-9,"eps_CL":1.2915496650148837,"K":63,"num_fuzzy_steps":15},"opt_time":30.795710909,"accuracy":0.4,"accuracy_non_fuzzy":0.25}