{"complete_time":2.464636047,"hps":{"eps_E":5.672228971644542,"tol":2.43998629725955e-6,"eps_CL":0.2840883690183304,"K":9,"num_fuzzy_steps":7},"opt_time":2.464591878,"accuracy":0.4,"accuracy_non_fuzzy":0.35}