{"complete_time":8.66665751,"hps":{"eps_E":0.11169868184678232,"tol":2.9408201705870666e-10,"eps_CL":1.2136237983442408,"K":71,"num_fuzzy_steps":4},"opt_time":8.666595553,"accuracy":0.4,"accuracy_non_fuzzy":0.7}