{"complete_time":3.093416468,"hps":{"eps_E":0.04706224849841284,"tol":2.389892566231043e-9,"eps_CL":1.2305240043592618,"K":40,"num_fuzzy_steps":4},"opt_time":3.093361361,"accuracy":0.4,"accuracy_non_fuzzy":0.45}