{"complete_time":13.777114895,"hps":{"eps_E":0.05256791122018422,"tol":1.3936192742241435e-7,"eps_CL":0.48382096649259554,"K":55,"num_fuzzy_steps":9},"opt_time":13.777039403,"accuracy":0.4,"accuracy_non_fuzzy":0.3}