{"complete_time":4.126880378,"hps":{"eps_E":0.02010496416260499,"tol":1.645190587753664e-6,"eps_CL":11.643031329208767,"K":38,"num_fuzzy_steps":6},"opt_time":4.126826166,"accuracy":0.4,"accuracy_non_fuzzy":0.3}