{"complete_time":26.422478839,"hps":{"eps_E":0.6078323128297232,"tol":3.618749812411277e-6,"eps_CL":0.13744790926775374,"K":72,"num_fuzzy_steps":13},"opt_time":26.422418216,"accuracy":0.4,"accuracy_non_fuzzy":0.8}