{"complete_time":3.035911147,"hps":{"eps_E":0.07959777002314986,"tol":1.309535020482665e-7,"eps_CL":14.130259905995336,"K":40,"num_fuzzy_steps":4},"opt_time":3.035841664,"accuracy":0.4,"accuracy_non_fuzzy":0.4}