{"complete_time":14.848581544,"hps":{"eps_E":5.44171428686589,"tol":0.015783314056521173,"eps_CL":1.0495932305582274,"K":43,"num_fuzzy_steps":9},"opt_time":14.848510523,"accuracy":0.4,"accuracy_non_fuzzy":0.4}