{"complete_time":8.894711826,"hps":{"eps_E":5.113387538414325,"tol":0.003851107002325569,"eps_CL":97.9469667069539,"K":66,"num_fuzzy_steps":4},"opt_time":8.894634617,"accuracy":0.4,"accuracy_non_fuzzy":0.65}