{"complete_time":39.225859718,"hps":{"eps_E":0.013840160965731315,"tol":1.1805165285688055e-8,"eps_CL":21.24845352498882,"K":72,"num_fuzzy_steps":11},"opt_time":39.130350674,"accuracy":0.4,"accuracy_non_fuzzy":0.3}