{"complete_time":2.053696271,"hps":{"eps_E":0.04126820845702954,"tol":4.738879609717651e-9,"eps_CL":66.50018030431119,"K":12,"num_fuzzy_steps":5},"opt_time":2.053612394,"accuracy":0.4,"accuracy_non_fuzzy":0.55}