{"complete_time":5.730859233,"hps":{"eps_E":1.1016459496336564,"tol":8.296958520834898e-7,"eps_CL":9.077326525210223,"K":17,"num_fuzzy_steps":14},"opt_time":5.730805956,"accuracy":0.4,"accuracy_non_fuzzy":0.5}