{"complete_time":26.519549762,"hps":{"eps_E":0.013744790926775373,"tol":0.046415888336127774,"eps_CL":29.205555121827466,"K":58,"num_fuzzy_steps":14},"opt_time":26.519460615,"accuracy":0.4,"accuracy_non_fuzzy":0.3}