{"complete_time":13.451365001,"hps":{"eps_E":0.3195247505759213,"tol":1.9023011886689418e-5,"eps_CL":0.6379766808606281,"K":54,"num_fuzzy_steps":10},"opt_time":13.451306586,"accuracy":0.4,"accuracy_non_fuzzy":0.5}