{"complete_time":19.508715224,"hps":{"eps_E":0.011092898648952227,"tol":2.3408272761782944e-7,"eps_CL":0.146273335620113,"K":70,"num_fuzzy_steps":10},"opt_time":19.508655823,"accuracy":0.4,"accuracy_non_fuzzy":0.25}