{"complete_time":6.58122565,"hps":{"eps_E":0.1265033720395904,"tol":5.594325706169366e-10,"eps_CL":42.71993966306779,"K":29,"num_fuzzy_steps":11},"opt_time":6.581173708,"accuracy":0.4,"accuracy_non_fuzzy":0.5}