{"max_acc":0.7,"best_params":[42,0.7126115430111746,4.361537789208005,9.794696670695386e-6]}