{"complete_time":0.141371824,"hps":{"eps_E":4.126820845702954,"tol":0.05366976945540476,"eps_CL":6.931717276155408,"K":47},"opt_time":0.141319345,"accuracy":0.55}