{"complete_time":0.082156661,"hps":{"eps_E":0.03353710152002929,"tol":4.738879609717651e-10,"eps_CL":0.3877828414589457,"K":74},"opt_time":0.082082004,"accuracy":0.4}