{"complete_time":0.123828195,"hps":{"eps_E":5.148867450137493,"tol":1.1325413151528126e-10,"eps_CL":0.5078152112327674,"K":24},"opt_time":0.123780066,"accuracy":0.5}