{"complete_time":0.101867289,"hps":{"eps_E":0.01514189325304352,"tol":1.0e-8,"eps_CL":0.2981772290019672,"K":65},"opt_time":0.101809838,"accuracy":0.3}