{"complete_time":0.165276839,"hps":{"eps_E":2.5433457613046495,"tol":6.468607661546321e-6,"eps_CL":7.126115430111746,"K":42},"opt_time":0.165233181,"accuracy":0.55}