{"complete_time":0.068949204,"hps":{"eps_E":0.019023011886689447,"tol":0.021544346900318846,"eps_CL":0.5441714286865891,"K":18},"opt_time":0.068874407,"accuracy":0.45}