{"complete_time":0.093665004,"hps":{"eps_E":0.12826498305280606,"tol":1.9421746814890245e-6,"eps_CL":1.2738113231864787,"K":28},"opt_time":0.093613087,"accuracy":0.4}