{"complete_time":0.11005001,"hps":{"eps_E":1.1643031329208768,"tol":0.00045462954695323993,"eps_CL":3.9318287557057694,"K":12},"opt_time":0.109977961,"accuracy":0.6}