{"complete_time":0.154325866,"hps":{"eps_E":5.672228971644542,"tol":2.43998629725955e-6,"eps_CL":0.2840883690183304,"K":9},"opt_time":0.154278068,"accuracy":0.45}