{"complete_time":0.092485576,"hps":{"eps_E":2.9205555121827467,"tol":4.014242490499326e-5,"eps_CL":59.94842503189409,"K":55},"opt_time":0.092433351,"accuracy":0.5}