{"complete_time":0.229202596,"hps":{"eps_E":0.3824569722466999,"tol":0.0007636298261282241,"eps_CL":60.36438506075867,"K":56},"opt_time":0.229149242,"accuracy":0.65}