{"complete_time":0.111835756,"hps":{"eps_E":0.024231727942375995,"tol":0.0005479472336900287,"eps_CL":12.738113231864785,"K":32},"opt_time":0.111791105,"accuracy":0.3}