{"complete_time":0.102810282,"hps":{"eps_E":0.03959110266468461,"tol":3.065395295056536e-9,"eps_CL":1.2915496650148837,"K":63},"opt_time":0.102751908,"accuracy":0.4}