{"complete_time":0.109964238,"hps":{"eps_E":9.593608287093144,"tol":0.0025966559729348722,"eps_CL":0.10495932305582274,"K":50},"opt_time":0.109915392,"accuracy":0.5}