{"complete_time":0.193356911,"hps":{"eps_E":0.33306003436245885,"tol":0.010423606739764012,"eps_CL":0.20668802496290825,"K":48},"opt_time":0.193303494,"accuracy":0.7}