{"complete_time":0.09088657,"hps":{"eps_E":0.06931717276155408,"tol":9.20373199661823e-5,"eps_CL":26.51083601908539,"K":49},"opt_time":0.090836912,"accuracy":0.4}