{"complete_time":0.125266512,"hps":{"eps_E":1.6338538778098617,"tol":4.641588833612792e-9,"eps_CL":1.7148819698705395,"K":44},"opt_time":0.12521495,"accuracy":0.5}