{"complete_time":0.174569373,"hps":{"eps_E":0.8708431497690722,"tol":2.8213076759394707e-5,"eps_CL":57.91122647641758,"K":38},"opt_time":0.17451585,"accuracy":0.35}