{"complete_time":0.125209672,"hps":{"eps_E":5.44171428686589,"tol":0.015783314056521173,"eps_CL":1.0495932305582274,"K":43},"opt_time":0.125161953,"accuracy":0.65}