{"complete_time":0.197285683,"hps":{"eps_E":0.11723818032865986,"tol":3.4004119327037025e-10,"eps_CL":87.08431497690724,"K":11},"opt_time":0.197232698,"accuracy":0.4}