{"complete_time":0.253098687,"hps":{"eps_E":0.7126115430111746,"tol":9.794696670695386e-6,"eps_CL":4.361537789208005,"K":42},"opt_time":0.253051536,"accuracy":0.7}