{"complete_time":0.130556464,"hps":{"eps_E":1.679674872092654,"tol":2.2927693128656489e-10,"eps_CL":13.650078065460137,"K":10},"opt_time":0.130495149,"accuracy":0.5}