{"complete_time":0.091346004,"hps":{"eps_E":0.03959110266468461,"tol":1.309535020482665e-7,"eps_CL":57.11586478126435,"K":53},"opt_time":0.091254887,"accuracy":0.45}