{"complete_time":90.441935967,"hps":{"eps_E":0.8829699955494091,"tol":5.95353313081437e-7,"eps_CL":1.1483124145435109,"K":65,"num_fuzzy_steps":7},"opt_time":90.441755972,"accuracy":0.535,"accuracy_non_fuzzy":1.0}