{"complete_time":29.688201207,"hps":{"eps_E":0.11969557023590434,"tol":3.851107002325569e-10,"eps_CL":15.89282865622978,"K":16,"num_fuzzy_steps":7},"opt_time":29.688083715,"accuracy":0.535,"accuracy_non_fuzzy":0.515}