{"complete_time":203.319267769,"hps":{"eps_E":1.7267809038843551,"tol":4.5462954695323996e-5,"eps_CL":11.016459496336564,"K":83,"num_fuzzy_steps":10},"opt_time":203.319071549,"accuracy":0.535,"accuracy_non_fuzzy":1.0}