{"complete_time":83.534341222,"hps":{"eps_E":0.10790287915161842,"tol":3.47168681892656e-8,"eps_CL":0.44529585099426555,"K":85,"num_fuzzy_steps":4},"opt_time":83.534140672,"accuracy":0.535,"accuracy_non_fuzzy":0.46}