{"complete_time":73.260087744,"hps":{"eps_E":2.0384933982524625,"tol":0.08296958520834907,"eps_CL":83.54528058382871,"K":20,"num_fuzzy_steps":15},"opt_time":73.259964478,"accuracy":0.535,"accuracy_non_fuzzy":0.995}