{"complete_time":119.908725251,"hps":{"eps_E":2.4739641008868136,"tol":4.838209664925967e-8,"eps_CL":15.141893253043527,"K":48,"num_fuzzy_steps":11},"opt_time":119.90858245,"accuracy":0.535,"accuracy_non_fuzzy":1.0}