{"complete_time":293.440501526,"hps":{"eps_E":3.90473523688556,"tol":0.00326222200971167,"eps_CL":2.6328154656480205,"K":97,"num_fuzzy_steps":12},"opt_time":293.440305523,"accuracy":0.535,"accuracy_non_fuzzy":1.0}