{"complete_time":198.680661961,"hps":{"eps_E":0.0493962174387832,"tol":4.641588833612792e-9,"eps_CL":11.016459496336564,"K":98,"num_fuzzy_steps":6},"opt_time":198.680443983,"accuracy":0.535,"accuracy_non_fuzzy":0.56}