{"complete_time":197.437782559,"hps":{"eps_E":0.30024617090855493,"tol":6.205728806776488e-10,"eps_CL":0.44529585099426555,"K":20,"num_fuzzy_steps":6},"opt_time":197.437659522,"accuracy":0.535,"accuracy_non_fuzzy":0.52}