{"complete_time":187.228209239,"hps":{"eps_E":0.03772042493416997,"tol":0.0732596542821523,"eps_CL":4.361537789208005,"K":62,"num_fuzzy_steps":12},"opt_time":187.228048541,"accuracy":0.535,"accuracy_non_fuzzy":0.48}