{"complete_time":66.373982125,"hps":{"eps_E":0.10069386314760276,"tol":1.4526539259467783e-10,"eps_CL":0.2900430493863992,"K":37,"num_fuzzy_steps":10},"opt_time":66.373830471,"accuracy":0.535,"accuracy_non_fuzzy":0.53}