{"complete_time":114.111374193,"hps":{"eps_E":0.012390621569479163,"tol":0.040983836717572615,"eps_CL":0.30232946844057773,"K":44,"num_fuzzy_steps":14},"opt_time":114.111231882,"accuracy":0.535,"accuracy_non_fuzzy":0.425}