{"complete_time":59.586358728,"hps":{"eps_E":0.9331897715733236,"tol":0.00016796748720926532,"eps_CL":0.3376980310825091,"K":17,"num_fuzzy_steps":15},"opt_time":59.586239451,"accuracy":0.535,"accuracy_non_fuzzy":0.995}