{"complete_time":24.577203469,"hps":{"eps_E":7.636298261282244,"tol":0.0005256791122018419,"eps_CL":0.13186214013947486,"K":28,"num_fuzzy_steps":3},"opt_time":24.577032386,"accuracy":0.535,"accuracy_non_fuzzy":0.705}