{"complete_time":387.174609679,"hps":{"eps_E":0.021995930680300747,"tol":1.5783314056521132e-9,"eps_CL":1.6681005372000588,"K":80,"num_fuzzy_steps":15},"opt_time":387.078445207,"accuracy":0.535,"accuracy_non_fuzzy":0.485}