{"complete_time":443.983810613,"hps":{"eps_E":0.2038493398252462,"tol":0.00022927693128656486,"eps_CL":35.20031472796679,"K":91,"num_fuzzy_steps":12},"opt_time":443.983615184,"accuracy":0.535,"accuracy_non_fuzzy":0.48}