{"complete_time":34.632488818,"hps":{"eps_E":0.02245697995539774,"tol":9.794696670695385e-5,"eps_CL":6.742622241778344,"K":42,"num_fuzzy_steps":4},"opt_time":34.632338748,"accuracy":0.535,"accuracy_non_fuzzy":0.5}