{"complete_time":77.313063677,"hps":{"eps_E":8.470868266557405,"tol":0.0016796748720926532,"eps_CL":8.18300681586739,"K":38,"num_fuzzy_steps":12},"opt_time":77.31291004,"accuracy":0.535,"accuracy_non_fuzzy":0.71}