{"complete_time":110.94485987,"hps":{"eps_E":0.03195247505759212,"tol":3.129648010670757e-7,"eps_CL":2.308677994187169,"K":89,"num_fuzzy_steps":4},"opt_time":110.944669136,"accuracy":0.535,"accuracy_non_fuzzy":0.475}