{"complete_time":187.503453104,"hps":{"eps_E":5.555776222398878,"tol":3.065395295056536e-9,"eps_CL":55.17492376129129,"K":69,"num_fuzzy_steps":11},"opt_time":187.50328395,"accuracy":0.535,"accuracy_non_fuzzy":1.0}