{"complete_time":82.218350664,"hps":{"eps_E":0.1483102514336104,"tol":6.604193962330305e-5,"eps_CL":6.836516004510237,"K":33,"num_fuzzy_steps":12},"opt_time":82.218195364,"accuracy":0.535,"accuracy_non_fuzzy":0.46}