{"complete_time":90.119334244,"hps":{"eps_E":0.4301635758106796,"tol":2.1995930680300702e-10,"eps_CL":7.689283720758313,"K":45,"num_fuzzy_steps":11},"opt_time":90.119194941,"accuracy":0.535,"accuracy_non_fuzzy":1.0}