{"complete_time":28.197318102,"hps":{"eps_E":0.25787628875938023,"tol":1.3095350204826677e-8,"eps_CL":14.32702953409831,"K":13,"num_fuzzy_steps":7},"opt_time":28.197198293,"accuracy":0.535,"accuracy_non_fuzzy":0.475}