{"complete_time":273.786992598,"hps":{"eps_E":1.969220255479172,"tol":2.9408201705870666e-10,"eps_CL":1.2915496650148837,"K":97,"num_fuzzy_steps":11},"opt_time":273.786808324,"accuracy":0.535,"accuracy_non_fuzzy":1.0}