{"complete_time":85.933679996,"hps":{"eps_E":0.019692202554791725,"tol":0.0595353313081437,"eps_CL":0.1514189325304352,"K":64,"num_fuzzy_steps":5},"opt_time":85.933513259,"accuracy":0.535,"accuracy_non_fuzzy":0.46}