{"complete_time":6201.094619324,"hps":{"eps_E":0.021395888713434216,"tol":5.043159487171348e-9,"eps_CL":12.305240043592615,"K":92,"num_fuzzy_steps":12},"opt_time":6201.094422012,"accuracy":0.535,"accuracy_non_fuzzy":0.495}