{"complete_time":81.640589983,"hps":{"eps_E":1.6681005372000584,"tol":0.00013650078065460138,"eps_CL":0.49055837063650487,"K":45,"num_fuzzy_steps":11},"opt_time":81.6403588,"accuracy":0.535,"accuracy_non_fuzzy":1.0}