{"complete_time":107.357994378,"hps":{"eps_E":1.222044686631488,"tol":0.010209606623060466,"eps_CL":94.61848194721998,"K":70,"num_fuzzy_steps":6},"opt_time":107.357802814,"accuracy":0.535,"accuracy_non_fuzzy":0.995}