{"complete_time":68.641583748,"hps":{"eps_E":1.2136237983442408,"tol":0.04361537789208006,"eps_CL":95.93608287093147,"K":59,"num_fuzzy_steps":5},"opt_time":68.641413653,"accuracy":0.535,"accuracy_non_fuzzy":1.0}