{"complete_time":140.864025141,"hps":{"eps_E":0.33306003436245885,"tol":0.0027066520700332413,"eps_CL":77.96360130405237,"K":47,"num_fuzzy_steps":13},"opt_time":140.863881299,"accuracy":0.535,"accuracy_non_fuzzy":0.5}