{"complete_time":28.386789887,"hps":{"eps_E":0.044222739805058996,"tol":8.648423275731727e-5,"eps_CL":3.520031472796681,"K":13,"num_fuzzy_steps":7},"opt_time":28.386682958,"accuracy":0.465,"accuracy_non_fuzzy":0.53}