{"complete_time":21.827858615,"hps":{"eps_E":4.331483223376399,"tol":6.46860766154632e-8,"eps_CL":0.5831305113526223,"K":19,"num_fuzzy_steps":5},"opt_time":21.827720737,"accuracy":0.535,"accuracy_non_fuzzy":0.995}