{"complete_time":43.383915729,"hps":{"eps_E":0.818300681586739,"tol":1.0642092440647225e-7,"eps_CL":0.7325965428215229,"K":67,"num_fuzzy_steps":3},"opt_time":43.383713722,"accuracy":0.535,"accuracy_non_fuzzy":1.0}