{"complete_time":393.767923938,"hps":{"eps_E":0.08768856094587431,"tol":3.0024617090855494e-6,"eps_CL":5.3669769455404746,"K":91,"num_fuzzy_steps":15},"opt_time":393.76772177,"accuracy":0.535,"accuracy_non_fuzzy":0.455}