{"complete_time":92.875811082,"hps":{"eps_E":1.2136237983442408,"tol":2.1544346900318866e-8,"eps_CL":0.835452805838287,"K":48,"num_fuzzy_steps":10},"opt_time":92.875659148,"accuracy":0.535,"accuracy_non_fuzzy":1.0}