{"complete_time":1383.594186733,"hps":{"eps_E":0.8768856094587426,"tol":4.098383671757253e-7,"eps_CL":0.11016459496336567,"K":87,"num_fuzzy_steps":10},"opt_time":1383.594010622,"accuracy":0.535,"accuracy_non_fuzzy":1.0}