{"complete_time":8794.435211261,"hps":{"eps_E":0.03669142378402492,"tol":7.028244264308353e-5,"eps_CL":0.3904735236885561,"K":95,"num_fuzzy_steps":10},"opt_time":8794.435026087,"accuracy":0.535,"accuracy_non_fuzzy":0.485}