{"complete_time":330.248888872,"hps":{"eps_E":0.2688001021537605,"tol":9.593608287093147e-5,"eps_CL":2.860595535175743,"K":71,"num_fuzzy_steps":15},"opt_time":330.248702669,"accuracy":0.535,"accuracy_non_fuzzy":0.47}