{"complete_time":114.726484421,"hps":{"eps_E":0.011969557023590434,"tol":0.0393182875570577,"eps_CL":9.203731996618224,"K":39,"num_fuzzy_steps":14},"opt_time":114.726341777,"accuracy":0.535,"accuracy_non_fuzzy":0.5}