{"complete_time":286.65093878,"hps":{"eps_E":8.296958520834911,"tol":0.02651083601908539,"eps_CL":0.4014242490499321,"K":82,"num_fuzzy_steps":15},"opt_time":286.650767996,"accuracy":0.535,"accuracy_non_fuzzy":0.59}