{"complete_time":44.570018831,"hps":{"eps_E":0.06379766808606278,"tol":1.0642092440647224e-9,"eps_CL":9.527500472427292,"K":26,"num_fuzzy_steps":8},"opt_time":44.56987365,"accuracy":0.535,"accuracy_non_fuzzy":0.49}