{"complete_time":237.500444059,"hps":{"eps_E":0.6162966255132941,"tol":6.604193962330319e-8,"eps_CL":7.028244264308349,"K":70,"num_fuzzy_steps":15},"opt_time":237.500274259,"accuracy":0.535,"accuracy_non_fuzzy":1.0}