{"complete_time":45.597913154,"hps":{"eps_E":0.8470868266557402,"tol":5.5943257061693776e-8,"eps_CL":4.7062248498412815,"K":15,"num_fuzzy_steps":11},"opt_time":45.597794962,"accuracy":0.535,"accuracy_non_fuzzy":0.995}