{"complete_time":449.449735209,"hps":{"eps_E":8.470868266557405,"tol":6.604193962330305e-6,"eps_CL":0.5184593543892911,"K":37,"num_fuzzy_steps":10},"opt_time":449.449528036,"accuracy":0.535,"accuracy_non_fuzzy":0.715}