{"complete_time":921.335895549,"hps":{"eps_E":0.1668100537200059,"tol":1.3369837418249452e-10,"eps_CL":0.34240061379714243,"K":42,"num_fuzzy_steps":3},"opt_time":921.335756809,"accuracy":0.465,"accuracy_non_fuzzy":0.485}