{"complete_time":4582.574370632,"hps":{"eps_E":6.931717276155404,"tol":0.0633580499265825,"eps_CL":1.2826498305280605,"K":7,"num_fuzzy_steps":7},"opt_time":4582.574261794,"accuracy":0.535,"accuracy_non_fuzzy":0.76}