{"max_acc":0.65,"best_params":[34,28,19.28791508020779,1.2826498305280625e-10]}