{"complete_time":0.30392562,"hps":{"tol":6.468607661546321e-6,"eps_CL":11.24737178364752,"G":4,"K":19},"opt_time":0.303836958,"accuracy":0.6}