{"complete_time":0.312743677,"hps":{"tol":3.544455673970443e-8,"eps_CL":0.7959777002314984,"G":14,"K":19},"opt_time":0.312589062,"accuracy":0.4}