{"complete_time":0.214269546,"hps":{"tol":0.005148867450137497,"eps_CL":6.604193962330304,"G":1,"K":43},"opt_time":0.214211241,"accuracy":0.55}