{"complete_time":2.313957079,"hps":{"tol":7.79636013040522e-9,"eps_CL":4.213321743847288,"G":6,"K":67},"opt_time":2.313855551,"accuracy":0.45}