{"complete_time":2.620750241,"hps":{"tol":1.422830457214349e-9,"eps_CL":0.697981390783066,"G":10,"K":76},"opt_time":2.620618513,"accuracy":0.45}