{"complete_time":1.095385799,"hps":{"tol":4.641588833612792e-9,"eps_CL":1.7148819698705395,"G":22,"K":44},"opt_time":1.095174378,"accuracy":0.45}