{"complete_time":1.434021077,"hps":{"tol":0.08126619200091946,"eps_CL":20.10496416260499,"G":8,"K":80},"opt_time":1.433893455,"accuracy":0.55}