{"complete_time":0.063671402,"hps":{"tol":0.03851107002325569,"eps_CL":6.078323128297232,"G":26,"K":41},"opt_time":0.063449859,"accuracy":0.4}