{"complete_time":0.446476342,"hps":{"tol":1.1325413151528126e-10,"eps_CL":0.5078152112327674,"G":27,"K":24},"opt_time":0.446265137,"accuracy":0.45}