{"complete_time":0.151011285,"hps":{"tol":1.5459277364194755e-5,"eps_CL":0.20104964162604985,"G":28,"K":37},"opt_time":0.150756469,"accuracy":0.35}