{"complete_time":0.066144885,"hps":{"tol":0.05366976945540476,"eps_CL":6.931717276155408,"G":26,"K":47},"opt_time":0.065940108,"accuracy":0.55}