{"complete_time":1.672451987,"hps":{"tol":4.939621743878326e-10,"eps_CL":13.650078065460137,"G":5,"K":61},"opt_time":1.672338229,"accuracy":0.5}