{"complete_time":0.089173128,"hps":{"tol":0.015783314056521173,"eps_CL":1.0495932305582274,"G":27,"K":43},"opt_time":0.088961663,"accuracy":0.35}