{"complete_time":1.404459417,"hps":{"tol":1.0e-8,"eps_CL":0.2981772290019672,"G":2,"K":65},"opt_time":1.404378049,"accuracy":0.35}