{"complete_time":0.333558478,"hps":{"tol":0.0001,"eps_CL":4.804870439655131,"G":14,"K":20},"opt_time":0.333420053,"accuracy":0.5}