{"complete_time":0.072603364,"hps":{"tol":0.0025966559729348722,"eps_CL":0.10495932305582274,"G":29,"K":50},"opt_time":0.07236787,"accuracy":0.5}