{"complete_time":0.183691203,"hps":{"tol":0.00045462954695323993,"eps_CL":3.9318287557057694,"G":20,"K":12},"opt_time":0.183530669,"accuracy":0.55}