{"complete_time":0.75605881,"hps":{"tol":2.1544346900318866e-8,"eps_CL":2.920555512182746,"G":7,"K":36},"opt_time":0.755954826,"accuracy":0.45}