{"complete_time":1.575624379,"hps":{"tol":0.0007636298261282241,"eps_CL":60.36438506075867,"G":16,"K":56},"opt_time":1.575473684,"accuracy":0.45}