{"complete_time":0.362119896,"hps":{"tol":0.0016796748720926532,"eps_CL":75.31420165974376,"G":15,"K":21},"opt_time":0.361981154,"accuracy":0.4}