{"complete_time":1.604061722,"hps":{"tol":2.3408272761782897e-5,"eps_CL":6.979813907830661,"G":18,"K":52},"opt_time":1.603860216,"accuracy":0.4}