{"complete_time":0.528787178,"hps":{"tol":1.9421746814890245e-6,"eps_CL":1.2738113231864787,"G":11,"K":28},"opt_time":0.52862616,"accuracy":0.45}