{"complete_time":0.873196939,"hps":{"tol":2.8213076759394707e-5,"eps_CL":57.91122647641758,"G":19,"K":38},"opt_time":0.873026172,"accuracy":0.5}