{"complete_time":0.485389731,"hps":{"tol":0.004184288507901585,"eps_CL":12.052609368708426,"G":2,"K":70},"opt_time":0.48528169,"accuracy":0.35}