{"complete_time":0.186638598,"hps":{"tol":3.4004119327037025e-10,"eps_CL":87.08431497690724,"G":11,"K":11},"opt_time":0.186520698,"accuracy":0.35}