{"complete_time":2.244181997,"hps":{"tol":5.043159487171359e-5,"eps_CL":0.27066520700332414,"G":17,"K":69},"opt_time":2.2439856,"accuracy":0.45}