{"complete_time":0.258659098,"hps":{"tol":0.008829699955494092,"eps_CL":1.0715933998226708,"G":4,"K":54},"opt_time":0.258560646,"accuracy":0.65}