{"complete_time":1.002450187,"hps":{"tol":9.794696670695386e-6,"eps_CL":4.361537789208005,"G":18,"K":42},"opt_time":1.002287084,"accuracy":0.45}