{"complete_time":1.222111954,"hps":{"tol":9.20373199661823e-5,"eps_CL":26.51083601908539,"G":9,"K":49},"opt_time":1.221978999,"accuracy":0.45}