{"complete_time":0.647751237,"hps":{"tol":6.335804992658255e-5,"eps_CL":12.476595526308698,"G":21,"K":31},"opt_time":0.647574175,"accuracy":0.4}