{"complete_time":0.151528841,"hps":{"tol":0.0005479472336900287,"eps_CL":12.738113231864785,"G":4,"K":32},"opt_time":0.151450336,"accuracy":0.6}