{"complete_time":5.492657532,"hps":{"tol":1.1805165285688055e-8,"eps_CL":21.24845352498882,"G":2,"K":72},"opt_time":5.326215046,"accuracy":0.4}