{"complete_time":1.30402577,"hps":{"tol":6.468607661546321e-9,"eps_CL":95.93608287093147,"G":12,"K":50},"opt_time":1.303880926,"accuracy":0.5}