{"complete_time":1.035162815,"hps":{"tol":6.468607661546321e-6,"eps_CL":7.126115430111746,"G":24,"K":42},"opt_time":1.034970554,"accuracy":0.65}