{"complete_time":1.240674694,"hps":{"tol":0.010423606739764012,"eps_CL":0.20668802496290825,"G":15,"K":48},"opt_time":1.240549422,"accuracy":0.35}