{"complete_time":1.583178381,"hps":{"tol":4.014242490499326e-5,"eps_CL":59.94842503189409,"G":24,"K":55},"opt_time":1.582963079,"accuracy":0.45}