{"complete_time":0.210126911,"hps":{"tol":0.014831025143361045,"eps_CL":15.352750287804227,"G":3,"K":47},"opt_time":0.210052636,"accuracy":0.55}