{"complete_time":3.047394647,"hps":{"tol":4.738879609717651e-10,"eps_CL":0.3877828414589457,"G":6,"K":74},"opt_time":3.04726003,"accuracy":0.55}