{"complete_time":0.088776658,"hps":{"tol":1.1092898648952227e-5,"eps_CL":0.3544455673970434,"G":18,"K":7},"opt_time":0.088591515,"accuracy":0.5}