{"complete_time":0.153602342,"hps":{"tol":2.2927693128656489e-10,"eps_CL":13.650078065460137,"G":22,"K":10},"opt_time":0.153426983,"accuracy":0.5}