{"complete_time":0.10537457,"hps":{"tol":0.0036946012051993025,"eps_CL":8.829699955494092,"G":26,"K":52},"opt_time":0.105180693,"accuracy":0.55}