{"complete_time":0.282441641,"hps":{"tol":0.021544346900318846,"eps_CL":0.5441714286865891,"G":3,"K":18},"opt_time":0.282346366,"accuracy":0.55}