{"complete_time":0.970216714,"hps":{"tol":1.336983741824948e-7,"eps_CL":11.016459496336564,"G":5,"K":43},"opt_time":0.970133017,"accuracy":0.5}