{"complete_time":0.994992178,"hps":{"tol":2.3408272761782944e-7,"eps_CL":0.146273335620113,"G":1,"K":70},"opt_time":0.994917863,"accuracy":0.35}