{"complete_time":2.136251175,"hps":{"tol":0.0012052609368708414,"eps_CL":0.35690493456752304,"G":10,"K":68},"opt_time":2.136127135,"accuracy":0.4}