{"complete_time":0.518845765,"hps":{"tol":1.309535020482665e-7,"eps_CL":57.11586478126435,"G":6,"K":53},"opt_time":0.518734914,"accuracy":0.4}