{"complete_time":0.139524642,"hps":{"tol":2.43998629725955e-6,"eps_CL":0.2840883690183304,"G":27,"K":9},"opt_time":0.139323162,"accuracy":0.6}