{"complete_time":0.145481936,"hps":{"tol":0.014831025143361045,"eps_CL":0.29612254379880354,"G":29,"K":73},"opt_time":0.145251147,"accuracy":0.4}