{"complete_time":0.768117182,"hps":{"tol":1.2826498305280625e-10,"eps_CL":19.28791508020779,"G":28,"K":34},"opt_time":0.767917214,"accuracy":0.65}