{"complete_time":1.236673335,"hps":{"tol":3.065395295056536e-9,"eps_CL":1.2915496650148837,"G":6,"K":63},"opt_time":1.236548668,"accuracy":0.4}