{"max_acc":1.0,"best_params":[20,0.8768856094587426,3.85110700232557,2.0668802496290863e-7]}