{"complete_time":0.073239472,"hps":{"eps_E":0.014426439512181581,"tol":1.9421746814890284e-10,"eps_CL":0.21995930680300743,"K":76},"opt_time":0.073085745,"accuracy":0.83}