{"complete_time":0.45150934,"hps":{"eps_E":5.555776222398878,"tol":1.0209606623060456e-6,"eps_CL":23.086779941871697,"K":50},"opt_time":0.45137493,"accuracy":0.46}