{"complete_time":0.543773737,"hps":{"eps_E":3.5690493456752304,"tol":3.129648010670757e-7,"eps_CL":1.4228304572143526,"K":89},"opt_time":0.543616689,"accuracy":0.855}