{"complete_time":0.523565542,"hps":{"eps_E":2.9205555121827467,"tol":2.43998629725955e-6,"eps_CL":1.6225952870780875,"K":86},"opt_time":0.523403308,"accuracy":0.84}