{"complete_time":0.157010895,"hps":{"eps_E":0.37982153061907353,"tol":0.0005256791122018419,"eps_CL":0.21102034285685956,"K":37},"opt_time":0.156875398,"accuracy":0.995}