{"complete_time":0.077614869,"hps":{"eps_E":0.15141893253043523,"tol":8.126619200091962e-8,"eps_CL":1.1805165285688053,"K":78},"opt_time":0.077457026,"accuracy":0.985}