{"complete_time":0.682336892,"hps":{"eps_E":0.2543345761304649,"tol":2.651083601908536e-7,"eps_CL":37.46050032748993,"K":87},"opt_time":0.682167421,"accuracy":1.0}