{"complete_time":0.640957704,"hps":{"eps_E":0.6162966255132941,"tol":1.0209606623060454e-5,"eps_CL":3.7720424934169996,"K":93},"opt_time":0.640754438,"accuracy":0.995}