{"complete_time":0.02403792,"hps":{"eps_E":0.035444556739704335,"tol":2.3408272761782944e-9,"eps_CL":1.738762400216251,"K":43},"opt_time":0.023906187,"accuracy":0.425}