{"complete_time":0.016690375,"hps":{"eps_E":0.1086515774652538,"tol":0.00010423606739764012,"eps_CL":11.403996019700324,"K":11},"opt_time":0.016552109,"accuracy":0.68}