{"complete_time":0.022051563,"hps":{"eps_E":0.12826498305280606,"tol":0.000326222200971167,"eps_CL":9.140310748756232,"K":12},"opt_time":0.021953346,"accuracy":0.61}