{"complete_time":0.489869364,"hps":{"eps_E":0.227697025538168,"tol":6.742622241778335e-7,"eps_CL":5.994842503189409,"K":97},"opt_time":0.489699777,"accuracy":1.0}