{"complete_time":0.012464429,"hps":{"eps_E":0.013936192742241428,"tol":8.648423275731727e-5,"eps_CL":0.6162966255132941,"K":17},"opt_time":0.012357766,"accuracy":0.47}