{"complete_time":0.060422215,"hps":{"eps_E":0.062487880720068945,"tol":0.06742622241778343,"eps_CL":28.018665564591952,"K":59},"opt_time":0.060264268,"accuracy":0.86}