{"complete_time":0.10580918,"hps":{"eps_E":0.7175560918936928,"tol":0.0021102034285685966,"eps_CL":7.325965428215229,"K":26},"opt_time":0.105697431,"accuracy":0.995}