{"complete_time":0.340234671,"hps":{"eps_E":0.6696160054853222,"tol":6.468607661546321e-9,"eps_CL":0.1300511252173409,"K":40},"opt_time":0.340110205,"accuracy":0.995}