{"complete_time":0.35213703,"hps":{"eps_E":1.172381803286599,"tol":0.041842885079015825,"eps_CL":16.22595287078088,"K":71},"opt_time":0.351997521,"accuracy":0.845}