{"complete_time":0.030776946,"hps":{"eps_E":0.013277708293554298,"tol":3.1296480106707505e-6,"eps_CL":29.817722900196703,"K":58},"opt_time":0.030618754,"accuracy":0.575}