{"complete_time":0.040067027,"hps":{"eps_E":0.09140310748756232,"tol":0.07028244264308349,"eps_CL":0.25258200269627845,"K":33},"opt_time":0.039955027,"accuracy":0.895}