{"complete_time":0.087145335,"hps":{"eps_E":0.020384933982524632,"tol":1.8249932448161504e-10,"eps_CL":90.14776314524917,"K":96},"opt_time":0.086947469,"accuracy":0.915}