{"complete_time":0.025154603,"hps":{"eps_E":0.014526539259467812,"tol":1.9421746814890284e-10,"eps_CL":2.801866556459195,"K":47},"opt_time":0.02502699,"accuracy":0.765}