{"complete_time":1.735581978,"hps":{"eps_E":1.1016459496336564,"tol":1.3936192742241406e-5,"eps_CL":0.1,"K":65},"opt_time":1.735264383,"accuracy":0.745}