{"complete_time":0.085786245,"hps":{"eps_E":0.4391800892596086,"tol":5.711586478126424e-10,"eps_CL":18.632463119315606,"K":6},"opt_time":0.085702933,"accuracy":0.895}