{"complete_time":0.092387787,"hps":{"eps_E":0.020384933982524632,"tol":5.831305113526231e-7,"eps_CL":3.5690493456752295,"K":91},"opt_time":0.092140022,"accuracy":0.89}