{"complete_time":0.074858836,"hps":{"eps_E":0.04271993966306779,"tol":1.0209606623060454e-5,"eps_CL":1.0715933998226708,"K":75},"opt_time":0.074695075,"accuracy":0.92}