{"complete_time":0.282545669,"hps":{"eps_E":6.931717276155404,"tol":5.148867450137487e-10,"eps_CL":0.3044272212064303,"K":23},"opt_time":0.282437983,"accuracy":0.515}