{"complete_time":0.025392659,"hps":{"eps_E":0.028213076759394707,"tol":2.880444153396292e-8,"eps_CL":0.14526539259467808,"K":21},"opt_time":0.025282884,"accuracy":0.63}