{"complete_time":0.019878211,"hps":{"eps_E":0.025258200269627846,"tol":1.61141427725302e-6,"eps_CL":10.423606739764022,"K":33},"opt_time":0.019758773,"accuracy":0.655}