{"complete_time":0.036297606,"hps":{"eps_E":0.06836516004510235,"tol":8.648423275731709e-9,"eps_CL":0.6205728806776503,"K":27},"opt_time":0.036203166,"accuracy":0.805}