{"complete_time":0.073027232,"hps":{"eps_E":0.027254325312810277,"tol":4.6415888336127727e-10,"eps_CL":13.556017853293682,"K":80},"opt_time":0.072861579,"accuracy":0.825}