{"complete_time":0.00845698,"hps":{"eps_E":0.050431594871713614,"tol":2.1102034285685923e-8,"eps_CL":0.2614673211801092,"K":9},"opt_time":0.008361204,"accuracy":0.51}