{"complete_time":0.400328852,"hps":{"eps_E":0.6883952069645496,"tol":4.2719939663067854e-7,"eps_CL":34.47764054734464,"K":95},"opt_time":0.400137692,"accuracy":1.0}