{"complete_time":0.027326009,"hps":{"eps_E":0.017752080117176352,"tol":0.008296958520834907,"eps_CL":40.983836717572615,"K":19},"opt_time":0.027221178,"accuracy":0.655}