{"complete_time":0.058209788,"hps":{"eps_E":0.044222739805058996,"tol":5.711586478126424e-10,"eps_CL":67.89406812696113,"K":54},"opt_time":0.058067971,"accuracy":0.97}