{"complete_time":0.009431933,"hps":{"eps_E":0.010790287915161841,"tol":1.0865157746525373e-5,"eps_CL":3.002461709085549,"K":16},"opt_time":0.009332146,"accuracy":0.49}