{"complete_time":0.156359513,"hps":{"eps_E":5.99484250318941,"tol":0.0027066520700332413,"eps_CL":0.3108082173869064,"K":51},"opt_time":0.156225878,"accuracy":0.685}