{"complete_time":0.081620685,"hps":{"eps_E":0.1086515774652538,"tol":0.0005831305113526219,"eps_CL":8.126619200091943,"K":79},"opt_time":0.081461483,"accuracy":0.99}