{"max_acc":1.0,"best_params":[70,0.029205555121827452,2.406475150015425,2.651083601908536e-7]}