{"complete_time":0.069339288,"hps":{"eps_E":0.7850456200204508,"tol":0.0005711586478126435,"eps_CL":0.243998629725955,"K":64},"opt_time":0.069289846,"accuracy":0.65}