{"complete_time":0.055726921,"hps":{"eps_E":0.4242556430717777,"tol":3.3306003436245885e-6,"eps_CL":2.3898925662310497,"K":25},"opt_time":0.055672939,"accuracy":1.0}