{"complete_time":0.11843871,"hps":{"eps_E":0.8768856094587426,"tol":7.959777002314977e-10,"eps_CL":1.5141893253043524,"K":48},"opt_time":0.11837561,"accuracy":0.75}