{"complete_time":0.056817276,"hps":{"eps_E":0.14426439512181574,"tol":2.024446509976806e-7,"eps_CL":1.483102514336104,"K":59},"opt_time":0.056772424,"accuracy":0.95}