{"complete_time":0.056639887,"hps":{"eps_E":0.0263281546564802,"tol":3.3306003436245817e-7,"eps_CL":2.2927693128656492,"K":31},"opt_time":0.056580307,"accuracy":0.75}