{"complete_time":0.078494416,"hps":{"eps_E":0.37720424934169994,"tol":5.8313051135262186e-9,"eps_CL":14.228304572143534,"K":66},"opt_time":0.078448862,"accuracy":0.7}