{"complete_time":8.32130089,"hps":{"eps_E":0.07904927622696424,"tol":2.1544346900318867e-10,"eps_CL":2.7066520700332415,"K":63},"opt_time":8.253235083,"accuracy":0.95}