{"complete_time":0.075385997,"hps":{"eps_E":0.024911300260677886,"tol":0.028804441533962964,"eps_CL":12.305240043592615,"K":6},"opt_time":0.075327045,"accuracy":0.8}