{"complete_time":0.079097838,"hps":{"eps_E":0.05555776222398875,"tol":4.3615377892080146e-8,"eps_CL":0.9794696670695393,"K":10},"opt_time":0.079059531,"accuracy":0.75}