{"complete_time":0.03719625,"hps":{"eps_E":2.081221569986339,"tol":1.9023011886689418e-5,"eps_CL":1.9023011886689443,"K":8},"opt_time":0.037136158,"accuracy":0.8}