{"complete_time":0.042658471,"hps":{"eps_E":8.239785684528515,"tol":0.0019023011886689458,"eps_CL":0.16338538778098613,"K":24},"opt_time":0.042618972,"accuracy":0.55}