{"complete_time":0.079698706,"hps":{"eps_E":0.023086779941871697,"tol":5.831305113526231e-7,"eps_CL":1.1483124145435109,"K":17},"opt_time":0.079657857,"accuracy":0.8}