{"complete_time":0.063190635,"hps":{"eps_E":0.039865810735804405,"tol":0.06468607661546324,"eps_CL":14.130259905995336,"K":16},"opt_time":0.063111505,"accuracy":0.75}