{"complete_time":0.039795492,"hps":{"eps_E":0.33306003436245885,"tol":0.0003544455673970432,"eps_CL":1.0568759711848041,"K":45},"opt_time":0.039752074,"accuracy":0.95}