{"complete_time":0.060211858,"hps":{"eps_E":0.07636298261282246,"tol":0.000595353313081437,"eps_CL":1.7508270317357242,"K":65},"opt_time":0.060168592,"accuracy":0.95}