{"complete_time":0.066358235,"hps":{"eps_E":0.027633852900531698,"tol":2.880444153396298e-7,"eps_CL":0.13095350204826672,"K":63},"opt_time":0.066313713,"accuracy":0.9}