{"complete_time":0.093266247,"hps":{"eps_E":0.07275483529196232,"tol":0.0016114142772530198,"eps_CL":0.6335804992658253,"K":10},"opt_time":0.093218279,"accuracy":0.85}