{"complete_time":0.061313242,"hps":{"eps_E":0.11247371783647517,"tol":2.3408272761782944e-6,"eps_CL":16.003103137387,"K":23},"opt_time":0.061269709,"accuracy":0.85}