{"complete_time":0.078598757,"hps":{"eps_E":1.422830457214353,"tol":0.0006078323128297229,"eps_CL":37.98215306190736,"K":34},"opt_time":0.078557597,"accuracy":0.8}