{"complete_time":0.043144636,"hps":{"eps_E":0.21693835183851853,"tol":1.8249932448161506e-8,"eps_CL":0.2920555512182746,"K":51},"opt_time":0.043102413,"accuracy":0.95}