{"complete_time":0.034470058,"hps":{"eps_E":0.05256791122018422,"tol":0.00276338529005317,"eps_CL":0.49055837063650487,"K":50},"opt_time":0.034427499,"accuracy":0.95}