{"complete_time":0.087472353,"hps":{"eps_E":0.0532999408084409,"tol":1.714881969870541e-9,"eps_CL":0.35690493456752304,"K":56},"opt_time":0.087403859,"accuracy":0.95}