{"complete_time":0.016838691,"hps":{"eps_E":0.16796748720926535,"tol":1.7508270317357234e-6,"eps_CL":0.250841505927754,"K":80},"opt_time":0.01679218,"accuracy":0.3}