{"complete_time":0.09006079,"hps":{"eps_E":0.013277708293554298,"tol":1.28264983052806e-7,"eps_CL":3.3537101520029298,"K":31},"opt_time":0.090017845,"accuracy":0.75}