{"complete_time":0.059747109,"hps":{"eps_E":5.184593543892913,"tol":7.17556091893692e-8,"eps_CL":6.931717276155408,"K":41},"opt_time":0.059705843,"accuracy":0.4}