{"complete_time":738.714209933,"hps":{"eps_E":0.44838559480211887,"tol":0.0012305240043592616,"eps_CL":28.018665564591952,"K":56},"opt_time":738.713803047,"accuracy":0.505}