{"complete_time":622.648794876,"hps":{"eps_E":0.8708431497690722,"tol":0.00011805165285688056,"eps_CL":25.084150592775387,"K":13},"opt_time":622.648532574,"accuracy":0.505}