{"complete_time":343.017469187,"hps":{"eps_E":1.1805165285688048,"tol":0.00020668802496290822,"eps_CL":94.61848194721998,"K":90},"opt_time":343.016823064,"accuracy":0.505}