{"complete_time":429.198260049,"hps":{"eps_E":0.08070620141149508,"tol":0.02543345761304648,"eps_CL":0.1600310313738701,"K":95},"opt_time":429.19766231,"accuracy":0.505}