{"complete_time":15.642313439,"hps":{"eps_E":0.14228304572143527,"tol":0.00022927693128656486,"eps_CL":34.00411932703706,"K":18},"opt_time":15.641983646,"accuracy":0.505}