{"complete_time":80.857458573,"hps":{"eps_E":0.044529585099426554,"tol":0.000939664831495469,"eps_CL":1.1643031329208764,"K":37},"opt_time":80.857069066,"accuracy":0.505}