{"complete_time":5638.475437434,"hps":{"eps_E":0.3108082173869064,"tol":4.838209664925958e-10,"eps_CL":0.3108082173869064,"K":41},"opt_time":5638.475016784,"accuracy":0.505}