{"complete_time":1593.20836479,"hps":{"eps_E":3.447764054734465,"tol":0.001422830457214352,"eps_CL":0.15037553212997382,"K":36},"opt_time":1593.207991881,"accuracy":0.495}