{"complete_time":2286.937993086,"hps":{"eps_E":0.04014242490499322,"tol":5.594325706169366e-10,"eps_CL":0.46096044868284336,"K":42},"opt_time":2286.937583735,"accuracy":0.505}