{"complete_time":511.879975985,"hps":{"tol":4.5462954695323996e-7,"eps_CL":0.8239785684528518,"G":370,"K":13},"opt_time":511.70646724,"accuracy":0.5714285714285714}