{"complete_time":179.234682883,"hps":{"tol":9.014776314524917e-7,"eps_CL":0.17030650292528443,"G":218,"K":5},"opt_time":179.149538023,"accuracy":0.6285714285714286}