{"complete_time":1354.775086976,"hps":{"tol":4.838209664925958e-10,"eps_CL":35.938136638046274,"G":190,"K":35},"opt_time":1354.684657138,"accuracy":0.7142857142857143}