{"complete_time":1060.325342032,"hps":{"tol":1.7148819698705374e-8,"eps_CL":0.49055837063650487,"G":340,"K":25},"opt_time":1060.141656678,"accuracy":0.37142857142857144}