{"complete_time":2665.936658361,"hps":{"tol":0.00595353313081437,"eps_CL":9.461848194722002,"G":129,"K":68},"opt_time":2665.922139192,"accuracy":0.45714285714285713}