{"complete_time":1937.522054058,"hps":{"tol":9.203731996618211e-7,"eps_CL":1.3005112521734088,"G":162,"K":49},"opt_time":1937.4472454,"accuracy":0.42857142857142855}