{"complete_time":1839.37912241,"hps":{"tol":1.9828839491270672e-5,"eps_CL":78.50456200204509,"G":436,"K":36},"opt_time":1839.123933341,"accuracy":0.6}