{"complete_time":1916.912749285,"hps":{"tol":0.09014776314524918,"eps_CL":1.3556017853293685,"G":396,"K":38},"opt_time":1916.755819689,"accuracy":0.42857142857142855}