{"complete_time":2417.497428429,"hps":{"tol":0.00013650078065460138,"eps_CL":93.31897715733238,"G":242,"K":54},"opt_time":2417.331539445,"accuracy":0.42857142857142855}