{"complete_time":1185.870642156,"hps":{"tol":0.00045462954695323993,"eps_CL":28.40883690183304,"G":206,"K":31},"opt_time":1185.791474289,"accuracy":0.37142857142857144}