{"complete_time":1360.210272752,"hps":{"tol":0.004838209664925958,"eps_CL":1.9023011886689443,"G":323,"K":31},"opt_time":1360.061960853,"accuracy":0.42857142857142855}