{"complete_time":25.641940818,"hps":{"tol":5.594325706169378e-7,"eps_CL":36.69142378402494,"G":41,"K":10},"opt_time":25.620815193,"accuracy":0.37142857142857144}