{"complete_time":3700.346554359,"hps":{"tol":0.03330600343624589,"eps_CL":0.8708431497690722,"G":139,"K":87},"opt_time":3700.277325069,"accuracy":0.34285714285714286}