{"complete_time":3387.909450957,"hps":{"tol":1.2052609368708414e-10,"eps_CL":0.48382096649259554,"G":356,"K":62},"opt_time":3387.257112932,"accuracy":0.6}