{"complete_time":2424.847528133,"hps":{"tol":0.00012305240043592616,"eps_CL":0.4184288507901581,"G":369,"K":47},"opt_time":2424.671785634,"accuracy":0.42857142857142855}