{"complete_time":1.842903434,"hps":{"eps_E":2.508415059277539,"tol":2.0668802496290863e-7,"eps_CL":21.84436071149426,"K":39,"num_fuzzy_steps":3},"opt_time":1.842846436,"accuracy":0.65}