{"complete_time":6.389455561,"hps":{"eps_E":0.28018665564591955,"tol":5.594325706169378e-7,"eps_CL":12.826498305280612,"K":78,"num_fuzzy_steps":3},"opt_time":6.389399594,"accuracy":0.65}