{"complete_time":6.614265811,"hps":{"eps_E":0.33306003436245885,"tol":0.0003544455673970432,"eps_CL":1.0568759711848041,"K":45,"num_fuzzy_steps":6},"opt_time":6.614202404,"accuracy":0.65}