{"complete_time":28.309343694,"hps":{"eps_E":1.4130259905995333,"tol":0.0007175560918936921,"eps_CL":0.1156280131207376,"K":20,"num_fuzzy_steps":6},"opt_time":28.309295748,"accuracy":0.35}