{"complete_time":2.127061926,"hps":{"eps_E":0.5672228971644545,"tol":3.3306003436245885e-5,"eps_CL":14.228304572143534,"K":19,"num_fuzzy_steps":5},"opt_time":2.12699483,"accuracy":0.65}