{"complete_time":1.567254829,"hps":{"eps_E":0.14627333562011302,"tol":0.0016796748720926532,"eps_CL":1.6114142772530196,"K":18,"num_fuzzy_steps":4},"opt_time":1.567191523,"accuracy":0.65}