{"complete_time":196.216824245,"hps":{"eps_E":1.309535020482667,"tol":3.772042493416994e-10,"eps_CL":0.48717802187946324,"K":69,"num_fuzzy_steps":8},"opt_time":196.216780993,"accuracy":0.65}