{"complete_time":3.904311019,"hps":{"eps_E":6.468607661546324,"tol":0.00030024617090855494,"eps_CL":2.110203428568595,"K":36,"num_fuzzy_steps":6},"opt_time":3.904251047,"accuracy":0.65}