{"complete_time":2.865414498,"hps":{"eps_E":0.0263281546564802,"tol":3.3306003436245817e-7,"eps_CL":2.2927693128656492,"K":31,"num_fuzzy_steps":5},"opt_time":2.86535985,"accuracy":0.65}