{"complete_time":706.707588367,"hps":{"eps_E":0.5994842503189409,"tol":0.0008470868266557402,"eps_CL":0.5256791122018423,"K":58,"num_fuzzy_steps":4},"opt_time":706.707506902,"accuracy":0.65}