{"complete_time":4.534998671,"hps":{"eps_E":1.422830457214353,"tol":0.0006078323128297229,"eps_CL":37.98215306190736,"K":34,"num_fuzzy_steps":8},"opt_time":4.534936479,"accuracy":0.65}