{"complete_time":13.234604014,"hps":{"eps_E":1.8891927762076663,"tol":1.1092898648952228e-10,"eps_CL":63.79766808606282,"K":63,"num_fuzzy_steps":8},"opt_time":13.234523316,"accuracy":0.65}