{"complete_time":9.598001058,"hps":{"eps_E":0.14327029534098307,"tol":1.2563166024741214e-9,"eps_CL":1.3005112521734088,"K":61,"num_fuzzy_steps":6},"opt_time":9.597945419,"accuracy":0.65}