{"complete_time":3.622615048,"hps":{"eps_E":0.03239742629528195,"tol":9.014776314524917e-7,"eps_CL":67.42622241778342,"K":38,"num_fuzzy_steps":6},"opt_time":3.622551158,"accuracy":0.65}