{"complete_time":8.404271927,"hps":{"eps_E":7.376797602527732,"tol":0.00018632463119315598,"eps_CL":0.3772042493416998,"K":42,"num_fuzzy_steps":7},"opt_time":8.404191969,"accuracy":0.65}