{"complete_time":1.613399004,"hps":{"eps_E":0.6931717276155407,"tol":3.5444556739704353e-7,"eps_CL":1.116986818467823,"K":20,"num_fuzzy_steps":4},"opt_time":1.613320683,"accuracy":0.65}