{"complete_time":68.988582308,"hps":{"eps_E":0.10280447320933098,"tol":1.2305240043592616e-8,"eps_CL":0.6120498372476698,"K":21,"num_fuzzy_steps":6},"opt_time":68.988530375,"accuracy":0.65}