{"complete_time":1.752977294,"hps":{"eps_E":0.8470868266557402,"tol":0.00022456979955397762,"eps_CL":24.399862972595503,"K":12,"num_fuzzy_steps":5},"opt_time":1.752914919,"accuracy":0.65}