{"complete_time":2.434563431,"hps":{"eps_E":0.013556017853293682,"tol":1.4526539259467783e-5,"eps_CL":20.812215699863394,"K":23,"num_fuzzy_steps":5},"opt_time":2.434515839,"accuracy":0.65}