{"complete_time":4.188208395,"hps":{"eps_E":0.025084150592775398,"tol":3.0653952950565297e-7,"eps_CL":3.85110700232557,"K":36,"num_fuzzy_steps":7},"opt_time":4.188152008,"accuracy":0.65}