{"complete_time":5.093773403,"hps":{"eps_E":0.28018665564591955,"tol":0.024399862972595502,"eps_CL":46.41588833612777,"K":66,"num_fuzzy_steps":3},"opt_time":5.09369559,"accuracy":0.65}