{"complete_time":3.844664296,"hps":{"eps_E":7.376797602527732,"tol":3.851107002325577e-7,"eps_CL":17.030650292528442,"K":22,"num_fuzzy_steps":8},"opt_time":3.844612768,"accuracy":0.65}