{"complete_time":3.427243441,"hps":{"eps_E":0.011169868184678232,"tol":5.366976945540487e-8,"eps_CL":0.24911300260677885,"K":23,"num_fuzzy_steps":3},"opt_time":3.427197136,"accuracy":0.65}