{"complete_time":7.7114137,"hps":{"eps_E":0.13744790926775374,"tol":0.004838209664925958,"eps_CL":22.9276931286565,"K":57,"num_fuzzy_steps":5},"opt_time":7.711355172,"accuracy":0.65}