{"complete_time":5.50584785,"hps":{"eps_E":2.578762887593801,"tol":0.0005831305113526219,"eps_CL":0.16913295170296483,"K":59,"num_fuzzy_steps":4},"opt_time":5.505781238,"accuracy":0.65}