{"complete_time":2.189598288,"hps":{"eps_E":4.905583706365048,"tol":5.95353313081437e-9,"eps_CL":7.325965428215229,"K":6,"num_fuzzy_steps":7},"opt_time":2.189523209,"accuracy":0.65}