{"complete_time":10.400839164,"hps":{"eps_E":0.06742622241778343,"tol":7.32596542821523e-6,"eps_CL":4.242556430717777,"K":78,"num_fuzzy_steps":5},"opt_time":10.400762744,"accuracy":0.65}