{"complete_time":2.277897872,"hps":{"eps_E":0.11169868184678232,"tol":0.004641588833612782,"eps_CL":1.5566543592710615,"K":37,"num_fuzzy_steps":4},"opt_time":2.277849782,"accuracy":0.65}