{"complete_time":36.291522216,"hps":{"eps_E":3.877828414589456,"tol":7.028244264308353e-5,"eps_CL":0.5479472336900287,"K":19,"num_fuzzy_steps":7},"opt_time":36.291457491,"accuracy":0.65}