{"complete_time":7.997274066,"hps":{"eps_E":1.4130259905995333,"tol":7.17556091893692e-8,"eps_CL":0.4771760948938746,"K":55,"num_fuzzy_steps":4},"opt_time":7.997218424,"accuracy":0.65}