{"complete_time":7.768942187,"hps":{"eps_E":0.3307649780744242,"tol":1.0423606739764033e-10,"eps_CL":0.8239785684528518,"K":53,"num_fuzzy_steps":6},"opt_time":7.768888277,"accuracy":0.65}