{"complete_time":12.542099505,"hps":{"eps_E":0.34957755743632735,"tol":0.02543345761304648,"eps_CL":1.7267809038843556,"K":72,"num_fuzzy_steps":7},"opt_time":12.542038563,"accuracy":0.65}