{"complete_time":511.579559786,"hps":{"eps_E":0.011169868184678232,"tol":0.008126619200091946,"eps_CL":0.30024617090855493,"K":17,"num_fuzzy_steps":5},"opt_time":511.579478972,"accuracy":0.65}