{"complete_time":10.492309619,"hps":{"eps_E":0.4070142453219438,"tol":7.959777002314978e-5,"eps_CL":2.4911300260677893,"K":70,"num_fuzzy_steps":6},"opt_time":10.492240892,"accuracy":0.65}