{"complete_time":11.064908511,"hps":{"eps_E":0.041842885079015804,"tol":9.203731996618193e-9,"eps_CL":1.7999285067824768,"K":74,"num_fuzzy_steps":6},"opt_time":11.064849756,"accuracy":0.65}