{"complete_time":8.174347681,"hps":{"eps_E":0.2821307675939472,"tol":3.002461709085543e-7,"eps_CL":51.84593543892913,"K":44,"num_fuzzy_steps":7},"opt_time":8.174284043,"accuracy":0.65}