{"complete_time":6.525007804,"hps":{"eps_E":2.066880249629083,"tol":0.044529585099426554,"eps_CL":0.27633852900531697,"K":49,"num_fuzzy_steps":6},"opt_time":6.524931031,"accuracy":0.65}