{"complete_time":2.560231082,"hps":{"eps_E":0.029205555121827452,"tol":1.180516528568803e-5,"eps_CL":17.62975375287206,"K":38,"num_fuzzy_steps":4},"opt_time":2.56017728,"accuracy":0.65}