{"complete_time":1.240100404,"hps":{"eps_E":0.24064751500154255,"tol":6.883952069645496e-5,"eps_CL":7.225349491787216,"K":16,"num_fuzzy_steps":3},"opt_time":1.240029871,"accuracy":0.65}