{"complete_time":9.009398484,"hps":{"eps_E":1.32777082935543,"tol":2.8213076759394707e-8,"eps_CL":2.2927693128656492,"K":71,"num_fuzzy_steps":5},"opt_time":9.00934385,"accuracy":0.65}