{"complete_time":21.484715987,"hps":{"eps_E":0.07904927622696424,"tol":2.1544346900318867e-10,"eps_CL":2.7066520700332415,"K":63,"num_fuzzy_steps":7},"opt_time":21.38843855,"accuracy":0.65}