{"complete_time":4.014826353,"hps":{"eps_E":0.07275483529196232,"tol":0.0016114142772530198,"eps_CL":0.6335804992658253,"K":10,"num_fuzzy_steps":3},"opt_time":4.014768412,"accuracy":0.65}