{"complete_time":6.5168886,"hps":{"eps_E":0.23086779941871685,"tol":0.0011562801312073755,"eps_CL":30.23294684405778,"K":64,"num_fuzzy_steps":4},"opt_time":6.516820348,"accuracy":0.65}