{"complete_time":8.75475952,"hps":{"eps_E":0.05672228971644543,"tol":0.022927693128656487,"eps_CL":82.39785684528515,"K":76,"num_fuzzy_steps":4},"opt_time":8.754688687,"accuracy":0.65}