{"complete_time":7.811201026,"hps":{"eps_E":0.013936192742241428,"tol":5.2567911220184196e-6,"eps_CL":1.0940547072057427,"K":41,"num_fuzzy_steps":8},"opt_time":7.811149392,"accuracy":0.65}