{"complete_time":9.3725864,"hps":{"eps_E":0.5594325706169377,"tol":4.939621743878305e-9,"eps_CL":14.32702953409831,"K":58,"num_fuzzy_steps":6},"opt_time":9.372514921,"accuracy":0.65}