{"complete_time":6.845998859,"hps":{"eps_E":0.9203731996618223,"tol":3.1296480106707503e-9,"eps_CL":1.6003103137387005,"K":43,"num_fuzzy_steps":6},"opt_time":6.845942776,"accuracy":0.65}