{"complete_time":3.313633514,"hps":{"eps_E":8.708431497690723,"tol":6.078323128297224e-6,"eps_CL":6.248788072006894,"K":34,"num_fuzzy_steps":5},"opt_time":3.313585435,"accuracy":0.65}