{"complete_time":6.586167843,"hps":{"eps_E":0.15141893253043523,"tol":1.9421746814890283e-5,"eps_CL":50.08407989848212,"K":54,"num_fuzzy_steps":5},"opt_time":6.586113573,"accuracy":0.65}